review,date
5,2024-01-12
5,2024-01-08
5,2024-01-09
5,2024-01-09
5,2024-01-07
5,2024-01-08
5,2024-01-09
5,2024-01-05
5,2024-01-09
5,2024-01-10
5,2024-01-10
5,2024-01-09
5,2023-12-29
5,2023-12-22
1,2024-01-05
5,2023-12-12
5,2023-12-30
5,2023-12-21
1,2024-01-09
5,2023-12-04
4,2024-01-05
5,2023-11-29
5,2023-11-30
5,2023-11-19
5,2023-12-22
5,2023-12-19
5,2023-12-14
5,2023-11-19
5,2023-11-20
5,2023-10-12
5,2023-11-12
5,2023-10-03
5,2023-12-23
5,2023-11-15
5,2023-11-28
5,2023-09-21
5,2023-12-09
5,2023-09-15
5,2023-09-25
5,2023-09-20
1,2023-12-25
5,2023-07-29
5,2023-11-15
5,2023-11-17
5,2023-10-25
5,2023-10-18
5,2023-09-13
5,2023-11-23
5,2023-07-06
5,2023-09-19
5,2023-10-09
5,2023-09-30
5,2023-09-08
5,2023-12-01
5,2023-10-12
5,2023-07-08
5,2023-09-07
5,2023-07-12
5,2023-08-01
5,2023-07-07
5,2023-08-17
5,2023-08-19
5,2023-06-28
5,2023-08-22
5,2023-10-11
5,2023-08-23
5,2023-10-12
5,2023-10-23
5,2023-08-25
5,2023-10-15
5,2023-06-19
1,2023-12-12
5,2023-09-25
5,2023-07-05
5,2023-09-11
5,2023-08-17
5,2023-07-09
5,2023-06-26
5,2023-07-08
5,2023-09-25
5,2023-06-28
5,2023-11-06
5,2023-07-11
5,2023-08-05
5,2023-06-10
5,2023-06-08
5,2023-11-12
5,2023-08-14
5,2023-06-19
5,2023-09-05
5,2023-08-07
5,2023-07-11
5,2023-06-06
5,2023-07-01
5,2023-10-04
5,2023-07-31
5,2023-07-05
5,2023-07-01
5,2023-06-07
5,2023-06-30
5,2023-07-02
5,2023-10-25
5,2023-08-07
2,2023-12-26
5,2023-07-05
5,2023-07-14
5,2023-07-15
5,2023-08-13
4,2023-12-29
5,2023-06-26
5,2023-10-27
5,2023-07-07
5,2023-05-31
5,2023-06-04
1,2023-12-21
5,2023-08-24
5,2023-11-23
5,2023-12-08
5,2023-09-20
5,2023-06-06
5,2023-07-07
5,2023-07-04
4,2023-12-11
5,2023-08-14
1,2023-12-10
5,2023-06-02
5,2023-08-21
5,2023-07-11
1,2023-12-12
5,2023-08-04
1,2024-01-15
5,2023-06-01
5,2023-07-05
5,2023-06-08
5,2023-07-06
1,2024-01-11
5,2023-07-01
5,2023-06-11
5,2023-05-31
5,2023-08-08
5,2023-07-23
5,2023-06-19
5,2023-09-18
5,2023-07-19
5,2023-07-21
5,2023-06-23
1,2024-01-13
5,2023-06-19
5,2023-07-28
4,2023-11-13
1,2023-06-24
5,2023-06-28
2,2023-12-10
5,2023-07-03
5,2023-06-21
2,2023-10-30
1,2023-11-09
5,2023-06-26
4,2023-11-02
5,2023-07-12
2,2023-10-14
5,2023-06-08
1,2023-12-27
5,2023-06-05
1,2023-08-12
1,2023-09-15
5,2023-07-22
1,2023-10-20
3,2023-08-16
5,2023-06-28
5,2023-09-13
1,2023-08-11
5,2023-07-21
5,2023-07-19
5,2023-06-26
5,2023-06-29
5,2023-10-06
4,2023-08-30
4,2023-08-31
5,2023-07-01
5,2023-07-17
5,2023-06-05
5,2023-06-20
5,2023-06-29
5,2023-06-08
5,2023-10-02
1,2023-09-14
5,2023-09-16
4,2023-06-02
5,2023-10-24
5,2023-06-22
1,2023-07-30
5,2023-06-22
2,2023-08-27
2,2023-12-05
1,2023-06-24
1,2023-10-22
3,2023-06-24
1,2023-10-09
1,2023-06-13
5,2023-05-31
5,2023-05-30
5,2023-05-30
5,2023-05-28
5,2023-05-28
5,2023-05-25
5,2023-05-25
5,2023-05-25
1,2023-05-25
5,2023-05-24
5,2023-05-22
5,2023-05-22
5,2023-05-22
5,2023-05-18
5,2023-05-18
5,2023-05-16
5,2023-05-16
5,2023-05-15
5,2023-05-15
5,2023-05-13
5,2023-05-11
5,2023-05-11
5,2023-05-10
5,2023-05-10
5,2023-05-10
5,2023-05-09
5,2023-05-09
5,2023-05-09
5,2023-05-08
5,2023-05-08
5,2023-05-07
5,2023-05-07
5,2023-05-07
5,2023-05-06
5,2023-05-04
5,2023-05-04
5,2023-05-03
5,2023-05-03
5,2023-05-02
5,2023-05-01
5,2023-04-28
5,2023-04-27
5,2023-04-27
5,2023-04-26
5,2023-04-26
5,2023-04-24
5,2023-04-24
5,2023-04-24
5,2023-04-24
5,2023-04-23
5,2023-04-20
5,2023-04-20
5,2023-04-19
5,2023-04-19
5,2023-04-19
5,2023-04-18
5,2023-04-18
5,2023-04-17
5,2023-04-13
5,2023-04-13
5,2023-04-12
5,2023-04-12
5,2023-04-12
5,2023-04-11
5,2023-04-11
5,2023-04-11
5,2023-04-10
5,2023-04-08
5,2023-04-08
5,2023-04-06
5,2023-04-05
5,2023-04-04
5,2023-04-04
5,2023-04-03
5,2023-04-03
5,2023-04-03
5,2023-04-02
5,2023-03-29
5,2023-03-28
5,2023-03-27
5,2023-03-27
5,2023-03-26
5,2023-03-26
5,2023-03-23
5,2023-03-22
5,2023-03-22
5,2023-03-22
5,2023-03-22
5,2023-03-22
5,2023-03-20
5,2023-03-20
5,2023-03-18
5,2023-03-16
5,2023-03-16
5,2023-03-16
5,2023-03-16
5,2023-03-15
5,2023-03-13
5,2023-03-13
5,2023-03-09
5,2023-03-09
5,2023-03-08
5,2023-03-08
5,2023-03-08
5,2023-03-07
5,2023-03-06
1,2023-03-04
5,2023-02-27
5,2023-02-27
4,2023-02-26
5,2023-02-25
5,2023-02-24
5,2023-02-23
1,2023-03-28
5,2023-02-22
5,2023-02-22
5,2023-02-21
5,2023-02-21
5,2023-02-20
5,2023-02-20
5,2023-02-20
4,2023-02-20
5,2023-03-05
5,2023-02-16
5,2023-02-14
5,2023-02-12
3,2023-02-08
5,2023-02-08
5,2023-02-08
5,2023-02-08
5,2023-02-07
5,2023-02-06
5,2023-02-02
5,2023-02-01
5,2023-02-01
5,2023-02-01
5,2023-01-30
5,2023-01-30
5,2023-01-30
5,2023-01-29
5,2023-01-29
5,2023-01-26
5,2023-01-25
5,2023-01-25
1,2023-01-24
5,2023-01-22
5,2023-01-21
5,2023-01-20
5,2023-01-19
5,2023-01-19
5,2023-01-18
5,2023-01-17
5,2023-01-17
5,2023-01-16
5,2023-01-12
5,2023-01-12
5,2023-01-11
5,2023-01-11
5,2023-01-09
5,2023-01-09
2,2023-01-08
5,2023-01-06
5,2023-01-05
5,2023-01-05
5,2023-01-05
5,2023-01-05
5,2023-01-04
5,2023-01-04
5,2023-01-04
5,2023-01-04
5,2023-01-02
5,2023-01-02
5,2022-12-31
5,2022-12-29
5,2022-12-29
5,2022-12-28
5,2022-12-27
5,2022-12-27
5,2022-12-23
5,2022-12-23
5,2022-12-19
5,2022-12-15
5,2022-12-14
5,2022-12-14
5,2022-12-13
5,2022-12-12
5,2022-12-02
5,2022-11-27
5,2022-11-23
5,2022-11-19
5,2022-11-16
5,2022-11-16
5,2022-11-10
5,2022-11-10
1,2022-11-10
5,2022-11-08
5,2022-11-01
5,2022-10-22
5,2022-10-21
5,2022-10-17
5,2022-10-12
5,2022-10-11
5,2022-10-05
5,2022-10-01
5,2022-09-29
5,2022-09-27
5,2022-09-21
5,2022-09-15
5,2022-09-07
5,2022-09-04
5,2022-08-30
1,2022-08-29
5,2022-08-24
5,2022-08-18
5,2022-08-12
4,2022-08-07
5,2022-08-05
5,2022-08-05
3,2022-08-03
5,2022-08-03
5,2022-07-29
5,2022-07-27
5,2022-07-23
5,2022-07-20
5,2022-07-20
5,2022-07-15
5,2022-07-10
5,2022-07-09
1,2022-07-08
5,2022-07-06
5,2022-07-01
5,2022-06-29
2,2022-06-24
5,2022-06-23
4,2022-06-22
5,2022-06-22
1,2023-12-10
5,2022-06-11
5,2022-06-08
1,2022-06-02
5,2022-05-28
1,2022-05-26
5,2022-05-24
5,2023-04-17
1,2022-05-25
5,2022-05-16
5,2022-05-16
5,2022-05-11
5,2022-05-09
2,2022-05-07
3,2022-05-06
5,2022-05-05
5,2022-04-29
5,2022-04-28
5,2022-04-26
5,2022-04-24
5,2022-04-22
5,2022-04-19
5,2022-04-17
5,2022-04-15
5,2022-04-12
5,2022-04-11
5,2022-04-09
5,2022-04-05
5,2022-04-01
5,2022-03-28
5,2022-03-28
1,2022-03-28
5,2022-03-20
5,2022-03-18
5,2022-03-11
5,2022-03-05
5,2022-02-23
4,2022-02-22
4,2022-02-19
5,2022-02-17
5,2022-02-15
5,2022-02-13
5,2022-02-09
5,2022-02-01
5,2022-01-28
3,2022-01-22
5,2022-01-10
5,2022-01-10
5,2022-01-08
5,2022-01-07
5,2021-12-27
5,2021-12-25
5,2021-12-24
5,2021-12-23
1,2021-12-23
5,2021-12-22
1,2021-12-22
5,2021-12-06
4,2021-12-02
5,2021-12-01
5,2021-12-01
4,2021-12-01
4,2021-12-01
5,2021-12-01
5,2021-12-01
5,2021-12-01
5,2021-12-01
5,2021-12-01
5,2021-11-30
5,2021-11-22
5,2021-11-22
5,2021-11-20
5,2021-11-17
1,2021-11-12
5,2021-11-04
5,2021-11-01
5,2021-11-01
5,2021-11-01
5,2021-11-01
5,2021-11-01
5,2021-11-01
5,2021-11-01
5,2021-11-01
3,2021-11-01
5,2021-10-18
5,2021-10-16
5,2021-10-16
5,2021-10-01
5,2021-10-01
5,2021-10-01
5,2021-10-01
5,2021-10-01
5,2021-10-01
1,2021-10-01
5,2021-10-01
5,2021-10-01
5,2021-09-30
1,2021-09-30
3,2021-09-18
5,2021-09-11
5,2021-09-07
5,2021-09-02
5,2021-09-01
5,2021-09-01
5,2021-09-01
5,2021-08-16
5,2021-08-11
5,2021-08-10
5,2021-08-10
5,2021-08-05
4,2021-08-04
5,2021-08-03
5,2021-08-03
1,2021-08-02
5,2021-08-02
5,2021-08-01
5,2021-08-01
5,2021-08-01
4,2021-08-01
5,2021-08-01
5,2021-08-01
1,2021-08-01
5,2021-08-01
5,2021-07-31
5,2021-07-31
5,2021-07-31
5,2021-07-31
5,2021-07-31
5,2021-07-31
5,2021-07-31
5,2021-07-31
5,2021-07-31
5,2021-07-31
5,2021-07-30
5,2021-07-30
5,2021-07-30
5,2021-07-30
5,2021-07-30
5,2021-07-29
5,2021-07-29
5,2021-07-29
5,2021-07-29
5,2021-07-29
5,2021-07-29
5,2021-07-28
5,2021-07-28
5,2021-07-28
5,2021-07-28
5,2021-07-28
5,2021-07-28
5,2021-07-28
5,2021-07-28
5,2021-07-28
5,2021-07-27
5,2021-07-27
5,2021-07-27
5,2021-07-27
5,2021-07-27
4,2021-07-27
5,2021-07-27
5,2021-07-26
5,2021-07-26
5,2021-07-26
5,2021-07-26
5,2021-07-26
5,2021-07-26
5,2021-07-26
5,2021-07-26
5,2021-07-25
5,2021-07-25
5,2021-07-25
5,2021-07-25
5,2021-07-25
5,2021-07-25
5,2021-07-25
5,2021-07-25
5,2021-07-25
4,2021-07-24
1,2021-07-24
5,2021-07-23
5,2021-07-23
5,2021-07-23
5,2021-07-23
5,2021-07-23
5,2021-07-23
5,2021-07-22
5,2021-07-22
5,2021-07-22
4,2021-07-22
5,2021-07-22
5,2021-07-22
4,2021-07-21
5,2021-07-21
5,2021-07-21
5,2021-07-21
5,2021-07-21
5,2021-07-21
5,2021-07-21
5,2021-07-21
5,2021-07-20
5,2021-07-20
5,2021-07-20
5,2021-07-20
5,2021-07-20
5,2021-07-20
5,2021-07-20
5,2021-07-19
4,2021-07-19
5,2021-07-19
5,2021-07-19
5,2021-07-19
5,2021-07-19
5,2021-07-19
5,2021-07-19
5,2021-07-19
5,2021-07-19
5,2021-07-19
5,2021-07-19
5,2021-07-19
5,2021-07-18
5,2021-07-18
5,2021-07-18
5,2021-07-18
5,2021-07-18
5,2021-07-18
5,2021-07-18
5,2021-07-18
5,2021-07-17
5,2021-07-17
5,2021-07-17
5,2021-07-17
5,2021-07-17
5,2021-07-17
5,2021-07-17
5,2021-07-17
4,2021-07-17
5,2021-07-17
5,2021-07-16
4,2021-07-16
4,2021-07-16
3,2021-07-16
5,2021-07-16
5,2021-07-16
4,2021-07-16
5,2021-07-16
5,2021-07-16
5,2021-07-16
5,2021-07-16
5,2021-07-16
5,2021-07-16
5,2021-07-15
5,2021-07-15
5,2021-07-15
5,2021-07-15
5,2021-07-15
5,2021-07-15
5,2021-07-15
5,2021-07-15
5,2021-07-14
5,2021-07-14
5,2021-07-14
5,2021-07-14
5,2021-07-14
5,2021-07-14
5,2021-07-14
5,2021-07-14
5,2021-07-13
5,2021-07-13
5,2021-07-13
5,2021-07-13
5,2021-07-13
4,2021-07-13
5,2021-07-13
5,2021-07-12
5,2021-07-12
4,2021-07-12
5,2021-07-12
5,2021-07-12
5,2021-07-11
5,2021-07-11
5,2021-07-11
5,2021-07-11
4,2021-07-11
5,2021-07-11
5,2021-07-11
5,2021-07-11
5,2021-07-10
5,2021-07-10
4,2021-07-10
5,2021-07-10
5,2021-07-10
5,2021-07-10
5,2021-07-09
4,2021-07-09
5,2021-07-09
5,2021-07-09
5,2021-07-09
5,2021-07-09
5,2021-07-09
5,2021-07-09
5,2021-07-08
5,2021-07-08
5,2021-07-08
5,2021-07-08
5,2021-07-08
5,2021-07-08
5,2021-07-08
5,2021-07-08
5,2021-07-08
5,2021-07-08
5,2021-07-07
5,2021-07-07
5,2021-07-07
5,2021-07-07
5,2021-07-07
5,2021-07-07
5,2021-07-07
5,2021-07-07
5,2021-07-07
5,2021-07-07
5,2021-07-06
5,2021-07-06
5,2021-07-06
5,2021-07-06
5,2021-07-06
5,2021-07-06
5,2021-07-06
5,2021-07-06
5,2021-07-06
4,2021-07-06
4,2021-07-05
5,2021-07-05
5,2021-07-05
5,2021-07-05
5,2021-07-05
5,2021-07-05
5,2021-07-05
5,2021-07-05
5,2021-07-05
5,2021-07-05
5,2021-07-05
5,2021-07-05
5,2021-07-05
5,2021-07-04
5,2021-07-04
5,2021-07-04
5,2021-07-04
5,2021-07-04
5,2021-07-04
5,2021-07-04
5,2021-07-04
5,2021-07-04
4,2021-07-04
4,2021-07-04
5,2021-07-03
5,2021-07-03
4,2021-07-03
5,2021-07-03
5,2021-07-02
5,2021-07-02
5,2021-07-02
5,2021-07-02
5,2021-07-02
5,2021-07-02
5,2021-07-02
5,2021-07-02
5,2021-07-02
5,2021-07-02
5,2021-07-02
5,2021-07-02
5,2021-07-01
5,2021-07-01
5,2021-07-01
5,2021-07-01
5,2021-07-01
5,2021-07-01
5,2021-07-01
5,2021-07-01
5,2021-07-01
5,2021-07-01
5,2021-07-01
5,2021-07-01
5,2021-07-01
5,2021-07-01
5,2021-07-01
5,2021-07-01
5,2021-07-01
5,2021-06-30
5,2021-06-30
5,2021-06-30
5,2021-06-30
5,2021-06-30
5,2021-06-30
5,2021-06-30
5,2021-06-30
5,2021-06-30
5,2021-07-14
5,2021-06-29
5,2021-06-29
5,2021-06-29
4,2021-06-29
5,2021-06-29
5,2021-06-29
1,2021-06-29
5,2021-06-28
5,2021-06-28
5,2021-06-28
5,2021-06-28
1,2021-06-28
5,2021-06-28
5,2021-06-28
5,2021-06-28
4,2021-06-28
4,2021-06-28
5,2021-06-28
1,2021-06-28
5,2021-06-27
5,2021-06-27
5,2021-06-27
5,2021-06-27
5,2021-06-27
5,2021-06-27
5,2021-06-27
5,2021-06-27
5,2021-06-27
5,2021-06-27
5,2021-06-27
5,2021-06-27
5,2021-06-27
5,2021-06-27
5,2021-06-27
5,2021-06-26
5,2021-06-26
5,2021-06-26
5,2021-06-26
5,2021-06-26
5,2021-06-26
5,2021-06-26
5,2021-06-26
5,2021-06-26
5,2021-06-26
5,2021-06-26
5,2021-06-26
5,2021-06-26
5,2021-06-26
5,2021-06-26
5,2021-06-26
5,2021-06-25
5,2021-06-25
5,2021-06-25
5,2021-06-25
5,2021-06-25
5,2021-06-25
5,2021-06-25
5,2021-06-25
5,2021-06-25
5,2021-06-25
5,2021-06-25
5,2021-06-25
5,2021-06-25
5,2021-06-24
4,2021-06-24
5,2021-06-24
5,2021-06-24
5,2021-06-24
5,2021-06-24
5,2021-06-24
5,2021-06-24
5,2021-06-24
5,2021-06-22
5,2021-06-22
5,2021-06-21
5,2021-06-21
5,2021-06-21
5,2021-06-21
5,2021-06-21
5,2021-06-21
5,2021-06-21
5,2021-06-21
5,2021-06-21
5,2021-06-21
5,2021-06-21
5,2021-06-21
5,2021-06-21
5,2021-06-21
5,2021-06-21
5,2021-06-20
5,2021-06-20
5,2021-06-20
5,2021-06-20
5,2021-06-20
5,2021-06-20
5,2021-06-20
5,2021-06-20
5,2021-06-20
5,2021-06-20
5,2021-06-20
5,2021-06-20
5,2021-06-20
5,2021-06-19
5,2021-06-19
5,2021-06-19
5,2021-06-19
5,2021-06-19
5,2021-06-19
4,2021-06-19
5,2021-06-19
5,2021-06-19
5,2021-06-19
5,2021-06-18
5,2021-06-18
5,2021-06-17
5,2021-06-17
5,2021-06-17
5,2021-06-16
5,2021-06-16
5,2021-06-16
5,2021-06-16
5,2021-06-16
5,2021-06-15
5,2021-06-15
5,2021-06-15
5,2021-06-13
5,2021-06-13
4,2021-06-13
5,2021-06-13
5,2021-06-13
5,2021-06-12
5,2021-06-12
5,2021-06-12
5,2021-06-12
5,2021-06-12
5,2021-06-11
1,2021-06-11
5,2021-06-11
4,2021-06-11
5,2021-06-11
5,2021-06-10
5,2021-06-10
5,2021-06-10
5,2021-06-10
5,2021-06-10
5,2021-06-10
5,2021-06-10
5,2021-06-10
5,2021-06-10
5,2021-06-10
5,2021-06-10
5,2021-06-10
5,2021-06-10
5,2021-06-09
5,2021-08-06
5,2021-06-09
5,2021-06-09
5,2021-06-09
4,2021-06-09
5,2021-06-09
5,2021-06-08
5,2021-06-08
4,2021-06-08
5,2021-06-08
5,2021-06-07
5,2021-06-07
5,2021-06-07
5,2021-06-07
5,2021-06-07
5,2021-06-07
5,2021-06-07
5,2021-06-07
4,2021-06-07
5,2021-06-07
5,2021-06-07
5,2021-06-06
5,2021-06-06
5,2021-06-06
5,2021-06-06
5,2021-06-06
5,2021-06-05
5,2021-06-05
5,2021-06-05
5,2021-06-05
5,2021-06-05
5,2021-06-04
5,2021-06-04
5,2021-06-04
5,2021-06-04
5,2021-06-04
5,2021-06-04
5,2021-06-04
5,2021-06-04
5,2021-06-03
5,2021-06-03
3,2021-06-03
5,2021-06-03
5,2021-06-03
3,2021-06-03
4,2021-06-03
4,2021-06-03
5,2021-06-02
5,2021-06-02
5,2021-06-02
5,2021-06-02
5,2021-06-02
5,2021-06-02
5,2021-06-02
5,2021-06-01
5,2021-06-01
5,2021-06-01
5,2021-05-31
5,2021-05-31
5,2021-05-31
5,2021-05-31
5,2021-05-30
5,2021-05-30
5,2021-05-30
5,2021-05-30
5,2021-05-30
5,2021-05-30
5,2021-05-30
5,2021-05-30
5,2021-05-30
5,2021-05-30
1,2021-05-30
5,2021-05-30
5,2021-05-29
5,2021-05-29
5,2021-05-29
5,2021-05-29
5,2021-05-29
5,2021-05-29
5,2021-05-28
5,2021-05-27
5,2021-05-27
5,2021-05-27
5,2021-05-27
5,2021-05-27
5,2021-05-25
5,2021-05-25
5,2021-05-24
5,2021-05-23
5,2021-05-23
5,2021-05-23
5,2021-05-23
5,2021-05-23
5,2021-05-23
5,2021-05-23
5,2021-05-23
4,2021-05-22
5,2021-05-22
5,2021-05-22
5,2021-05-21
5,2021-05-21
5,2021-05-21
5,2021-05-21
5,2021-05-20
5,2021-05-20
5,2021-05-20
5,2021-05-20
5,2021-05-20
5,2021-05-20
5,2021-05-20
4,2021-05-19
5,2021-05-19
5,2021-05-18
5,2021-05-18
5,2021-05-18
4,2021-05-18
5,2021-05-18
4,2021-05-18
5,2021-05-18
5,2021-05-17
5,2021-05-17
4,2021-05-17
5,2021-05-17
5,2021-05-16
5,2021-05-16
5,2021-05-16
5,2021-05-16
5,2021-05-16
5,2021-05-16
5,2021-05-16
5,2021-05-16
5,2021-05-15
5,2021-05-14
5,2021-05-13
3,2021-05-12
5,2021-05-12
5,2021-05-12
5,2021-05-12
5,2021-05-12
5,2021-05-12
5,2021-05-11
5,2021-05-11
5,2021-05-10
5,2021-05-10
5,2021-05-10
5,2021-05-10
5,2021-05-10
5,2021-05-10
5,2021-05-10
5,2021-05-10
5,2021-05-10
5,2021-05-10
5,2021-05-10
5,2021-05-10
5,2021-05-10
5,2021-05-10
5,2021-05-09
5,2021-05-09
5,2021-05-09
5,2021-05-09
4,2021-05-09
5,2021-05-09
5,2021-05-09
5,2021-05-09
5,2021-05-08
5,2021-05-10
5,2021-05-08
5,2021-05-08
4,2021-05-08
5,2021-05-08
5,2021-05-07
5,2021-05-07
5,2021-05-07
5,2021-05-07
5,2021-05-07
1,2021-05-07
5,2021-05-07
5,2021-05-07
5,2021-05-07
5,2021-05-07
5,2021-05-07
5,2021-05-07
5,2021-05-07
5,2021-05-07
5,2021-05-06
5,2021-05-06
5,2021-05-06
5,2021-05-06
5,2021-05-05
5,2021-05-05
4,2021-05-05
5,2021-05-05
5,2021-05-05
5,2021-05-05
5,2021-05-04
3,2021-05-04
5,2021-05-04
5,2021-05-04
5,2021-05-04
5,2021-05-04
5,2021-05-04
5,2021-05-04
5,2021-05-04
5,2021-05-04
5,2021-05-03
5,2021-05-03
5,2021-05-03
5,2021-05-03
5,2021-05-03
5,2021-05-03
5,2021-05-03
5,2021-05-03
5,2021-05-02
5,2021-05-02
5,2021-05-02
5,2021-05-02
5,2021-05-02
5,2021-05-02
5,2021-05-02
5,2021-05-02
5,2021-05-02
5,2021-05-02
5,2021-05-02
5,2021-05-02
5,2021-05-02
5,2021-05-02
5,2021-05-01
5,2021-05-01
5,2021-05-01
5,2021-05-01
5,2021-05-01
5,2021-05-01
5,2021-05-01
5,2021-05-01
5,2021-05-01
5,2021-05-01
5,2021-05-01
3,2021-05-01
5,2021-05-01
1,2021-05-01
4,2021-05-01
5,2021-05-01
5,2021-05-01
5,2021-05-01
5,2021-04-30
5,2021-04-30
5,2021-04-30
5,2021-04-30
5,2021-04-30
5,2021-04-30
5,2021-04-30
5,2021-04-30
5,2021-04-30
5,2021-04-30
5,2021-04-30
5,2021-04-29
5,2021-04-29
5,2021-04-29
5,2021-04-29
5,2021-04-29
5,2021-04-29
5,2021-04-29
5,2021-04-29
5,2021-04-29
5,2021-04-29
5,2021-04-29
5,2021-04-29
5,2021-04-29
5,2021-04-28
5,2021-04-28
5,2021-04-28
5,2021-04-28
5,2021-04-27
5,2021-04-27
5,2021-04-27
5,2021-04-26
5,2021-04-26
5,2021-04-26
5,2021-04-25
5,2021-04-25
5,2021-04-25
5,2021-04-25
5,2021-04-25
5,2021-04-25
5,2021-04-25
5,2021-04-24
5,2021-04-23
5,2021-04-23
5,2021-04-22
4,2021-04-22
5,2021-04-21
5,2021-04-21
5,2021-04-21
5,2021-04-21
5,2021-04-21
5,2021-04-20
5,2021-04-20
5,2021-04-20
5,2021-04-20
3,2021-04-20
5,2021-04-20
5,2021-04-19
5,2021-04-19
5,2021-04-18
5,2021-04-18
5,2021-04-18
5,2021-04-18
5,2021-04-18
5,2021-04-18
5,2021-04-18
5,2021-04-18
5,2021-04-18
5,2021-04-17
5,2021-04-17
5,2021-04-17
5,2021-04-17
5,2021-04-17
5,2021-04-16
5,2021-04-16
4,2021-04-16
5,2021-04-16
5,2021-04-16
5,2021-04-16
5,2021-04-15
5,2021-04-15
5,2021-04-15
5,2021-04-14
5,2021-04-14
5,2021-04-14
4,2021-04-14
5,2021-04-13
5,2021-04-13
5,2021-04-13
5,2021-04-13
5,2021-04-13
3,2021-04-13
5,2021-04-12
5,2021-04-12
4,2021-04-12
5,2021-04-12
5,2021-04-11
5,2021-04-10
5,2021-04-10
5,2021-04-10
5,2021-04-10
5,2021-04-10
5,2021-04-09
4,2021-04-09
5,2021-04-09
5,2021-04-09
5,2021-04-09
5,2021-04-09
5,2021-04-09
5,2021-04-08
5,2021-04-08
5,2021-04-08
5,2021-04-08
5,2021-04-08
5,2021-04-08
5,2021-04-08
5,2021-04-08
5,2021-04-08
5,2021-04-08
5,2021-04-07
5,2021-04-07
5,2021-04-07
5,2021-04-07
5,2021-04-07
5,2021-04-07
4,2021-04-07
5,2021-04-07
5,2021-04-06
5,2021-04-06
5,2021-04-06
5,2021-04-06
5,2021-04-06
5,2021-04-06
5,2021-04-06
5,2021-04-06
5,2021-04-06
5,2021-04-06
5,2021-04-06
5,2021-04-05
5,2021-04-05
5,2021-04-05
5,2021-04-05
5,2021-04-04
5,2021-04-04
5,2021-04-04
5,2021-04-04
5,2021-04-04
5,2021-04-04
5,2021-04-04
5,2021-04-04
5,2021-04-03
5,2021-04-03
5,2021-04-03
5,2021-04-03
5,2021-04-03
5,2021-04-03
4,2021-04-03
5,2021-04-03
4,2021-04-03
5,2021-04-02
5,2021-04-02
5,2021-04-02
5,2021-04-02
5,2021-04-01
5,2021-03-31
5,2021-03-31
5,2021-03-31
5,2021-03-31
5,2021-03-31
5,2021-03-31
5,2021-03-30
5,2021-03-30
5,2021-03-30
5,2021-03-30
5,2021-03-29
5,2021-03-29
5,2021-03-28
5,2021-03-28
5,2021-03-28
5,2021-03-28
4,2021-03-27
5,2021-03-27
5,2021-03-27
5,2021-03-27
5,2021-03-27
5,2021-03-27
5,2021-03-27
5,2021-03-27
5,2021-03-26
5,2021-03-26
5,2021-03-26
5,2021-03-26
5,2021-03-26
5,2021-03-26
5,2021-03-26
5,2021-03-25
5,2021-03-25
5,2021-03-25
5,2021-03-25
5,2021-03-25
5,2021-03-25
5,2021-03-24
5,2021-03-24
5,2021-03-24
5,2021-03-24
5,2021-03-24
5,2021-03-24
5,2021-03-24
5,2021-03-24
5,2021-03-24
5,2021-03-24
5,2021-03-24
5,2021-03-24
5,2021-03-23
5,2021-03-23
5,2021-03-23
5,2021-03-23
5,2021-03-23
5,2021-04-06
5,2021-03-23
5,2021-03-23
3,2021-03-22
5,2021-03-22
4,2021-03-22
5,2021-03-22
5,2021-03-22
4,2021-03-22
5,2021-03-22
5,2021-03-21
5,2021-03-21
5,2021-03-21
5,2021-03-21
5,2021-03-21
5,2021-03-21
1,2021-03-21
5,2021-03-21
5,2021-03-21
5,2021-03-21
5,2021-03-20
5,2021-03-20
5,2021-03-20
5,2021-03-20
5,2021-03-20
5,2021-03-20
5,2021-03-20
5,2021-03-20
5,2021-03-20
5,2021-03-19
5,2021-03-19
5,2021-03-19
5,2021-03-19
5,2021-03-19
5,2021-03-19
5,2021-03-19
5,2021-03-19
5,2021-03-18
5,2021-03-18
5,2021-03-18
5,2021-03-18
5,2021-03-18
5,2021-03-18
5,2021-03-18
5,2021-03-18
5,2021-03-18
5,2021-03-17
5,2021-03-17
5,2021-03-17
5,2021-03-17
5,2021-03-16
5,2021-03-16
5,2021-03-15
5,2021-03-15
5,2021-03-15
5,2021-03-15
5,2021-03-15
5,2021-03-15
5,2021-03-15
4,2021-03-15
5,2021-03-14
5,2021-03-14
5,2021-03-14
5,2021-03-14
5,2021-03-14
5,2021-03-14
5,2021-03-14
4,2021-03-14
1,2021-03-13
5,2021-03-13
5,2021-03-13
5,2021-03-13
4,2021-03-13
5,2021-03-13
5,2021-03-13
5,2021-03-13
5,2021-03-13
5,2021-03-13
4,2021-03-12
5,2021-03-12
5,2021-03-12
5,2021-03-12
5,2021-03-12
5,2021-03-12
5,2021-03-12
5,2021-03-12
4,2021-03-12
5,2021-03-12
5,2021-03-11
5,2021-03-11
5,2021-03-11
5,2021-03-11
5,2021-03-10
5,2021-03-10
5,2021-03-10
5,2021-03-10
5,2021-03-09
5,2021-03-09
5,2021-03-09
5,2021-03-09
5,2021-03-09
5,2021-03-23
5,2021-03-09
5,2021-03-08
5,2021-03-08
5,2021-03-08
5,2021-03-08
5,2021-03-08
5,2021-03-08
5,2021-03-08
5,2021-03-07
5,2021-03-07
5,2021-03-07
5,2021-03-07
5,2021-03-07
5,2021-03-07
4,2021-03-07
5,2021-03-07
5,2021-03-07
5,2021-03-06
5,2021-03-06
5,2021-03-06
5,2021-03-06
5,2021-03-06
5,2021-03-06
5,2021-03-06
5,2021-03-06
5,2021-03-05
5,2021-03-05
5,2021-03-05
5,2021-03-05
5,2021-03-05
5,2021-03-05
5,2021-03-04
5,2021-03-04
5,2021-03-04
5,2021-03-04
5,2021-03-03
5,2021-03-03
5,2021-03-03
5,2021-03-03
5,2021-03-03
5,2021-03-03
5,2021-03-03
5,2021-03-03
5,2021-03-02
5,2021-03-02
5,2021-03-02
5,2021-03-02
5,2021-03-02
5,2021-03-02
5,2021-03-01
5,2021-03-01
5,2021-03-01
5,2021-03-01
1,2021-03-01
5,2021-03-01
5,2021-03-01
5,2021-03-01
5,2021-03-01
5,2021-03-01
5,2021-02-28
5,2021-02-28
1,2021-02-28
3,2021-02-28
5,2021-02-28
4,2021-02-28
5,2021-02-27
5,2021-02-26
5,2021-02-26
5,2021-02-26
5,2021-02-26
5,2021-02-26
5,2021-02-26
5,2021-02-26
5,2021-02-25
5,2021-02-25
5,2021-02-25
5,2021-02-25
5,2021-02-25
5,2021-02-25
5,2021-02-25
5,2021-02-25
5,2021-02-25
5,2021-02-25
5,2021-02-24
5,2021-02-24
5,2021-02-24
5,2021-02-24
2,2021-02-24
5,2021-02-24
5,2021-02-24
5,2021-02-23
5,2021-02-23
5,2021-02-23
5,2021-02-22
4,2021-02-22
5,2021-02-22
5,2021-02-22
5,2021-02-22
5,2021-02-22
5,2021-02-21
5,2021-02-21
5,2021-02-21
5,2021-02-21
5,2021-02-21
5,2021-02-20
5,2021-02-20
4,2021-02-20
4,2021-02-20
5,2021-02-20
5,2021-02-20
5,2021-02-20
5,2021-02-20
5,2021-02-20
3,2021-02-20
5,2021-02-19
5,2021-02-19
5,2021-02-19
5,2021-02-19
5,2021-02-18
5,2021-02-18
5,2021-02-18
5,2021-02-18
5,2021-02-18
5,2021-02-18
5,2021-02-18
5,2021-02-18
1,2021-02-18
5,2021-02-17
5,2021-02-17
5,2021-02-17
5,2021-02-17
5,2021-02-17
5,2021-02-17
5,2021-02-17
5,2021-02-17
5,2021-02-17
5,2021-02-16
4,2021-02-16
4,2021-02-16
5,2021-02-16
5,2021-02-16
5,2021-02-16
5,2021-02-16
5,2021-02-16
5,2021-02-16
5,2021-02-15
5,2021-02-15
4,2021-02-15
4,2021-02-15
5,2021-02-15
5,2021-02-15
5,2021-02-15
5,2021-02-14
1,2021-02-14
5,2021-02-14
5,2021-02-14
5,2021-02-14
5,2021-02-14
4,2021-02-14
5,2021-02-14
5,2021-02-13
5,2021-02-13
5,2021-02-13
3,2021-02-13
5,2021-02-13
5,2021-02-13
5,2021-02-13
5,2021-02-13
5,2021-02-12
5,2021-02-12
5,2021-02-12
5,2021-02-12
5,2021-02-12
5,2021-02-12
5,2021-02-12
5,2021-02-12
5,2021-02-12
5,2021-02-12
5,2021-02-12
5,2021-02-12
5,2021-02-12
5,2021-02-11
5,2021-02-11
5,2021-02-11
5,2021-02-11
5,2021-02-11
5,2021-02-11
5,2021-02-11
5,2021-02-11
5,2021-02-11
5,2021-02-11
5,2021-02-10
5,2021-02-10
5,2021-02-10
5,2021-02-10
5,2021-02-10
5,2021-02-10
5,2021-02-09
5,2021-02-09
5,2021-02-09
5,2021-02-09
5,2021-02-09
5,2021-02-09
5,2021-02-09
5,2021-02-09
5,2021-02-08
5,2021-02-08
5,2021-02-08
5,2021-02-07
5,2021-02-07
4,2021-02-07
5,2021-02-07
5,2021-02-07
5,2021-02-07
5,2021-02-06
5,2021-02-06
4,2021-02-06
5,2021-02-06
5,2021-02-06
5,2021-02-06
4,2021-02-06
4,2021-02-05
5,2021-02-05
5,2021-02-05
5,2021-02-05
5,2021-02-05
5,2021-02-05
5,2021-02-05
5,2021-02-05
5,2021-02-05
5,2021-02-05
1,2021-02-05
2,2021-02-05
5,2021-02-05
5,2021-02-05
5,2021-02-04
5,2021-02-04
5,2021-02-04
5,2021-02-04
5,2021-02-04
5,2021-02-04
5,2021-02-03
5,2021-02-03
5,2021-02-03
5,2021-02-03
5,2021-02-03
5,2021-02-02
5,2021-02-02
4,2021-02-02
5,2021-02-02
1,2021-02-02
5,2021-02-02
5,2021-02-02
5,2021-02-02
5,2021-02-02
5,2021-02-01
5,2021-02-01
5,2021-02-01
5,2021-02-01
5,2021-02-01
5,2021-02-01
5,2021-02-01
5,2021-02-01
5,2021-01-31
5,2021-01-31
5,2021-01-31
5,2021-01-31
5,2021-01-31
5,2021-01-31
5,2021-01-31
5,2021-01-31
5,2021-01-31
5,2021-01-31
5,2021-01-31
5,2021-01-31
5,2021-01-31
4,2021-01-31
5,2021-01-31
5,2021-01-30
5,2021-01-30
5,2021-01-30
5,2021-01-30
5,2021-01-30
5,2021-01-30
4,2021-01-30
5,2021-01-29
5,2021-01-29
5,2021-01-29
5,2021-01-29
5,2021-01-29
5,2021-01-29
5,2021-01-29
5,2021-01-28
5,2021-01-28
5,2021-01-28
5,2021-01-28
5,2021-01-28
5,2021-01-27
5,2021-01-27
5,2021-01-27
5,2021-01-27
5,2021-01-27
5,2021-01-27
5,2021-01-27
5,2021-01-27
5,2021-01-27
5,2021-01-27
5,2021-01-27
5,2021-01-27
5,2021-01-26
5,2021-01-26
5,2021-01-26
5,2021-01-26
5,2021-01-26
5,2021-01-26
5,2021-01-26
5,2021-01-25
5,2021-01-25
5,2021-01-25
5,2021-01-25
5,2021-01-25
5,2021-01-25
5,2021-01-25
5,2021-01-24
5,2021-01-24
5,2021-01-24
5,2021-01-24
4,2021-01-24
2,2021-01-24
5,2021-01-24
5,2021-01-24
5,2021-01-24
5,2021-01-24
5,2021-01-24
5,2021-01-24
5,2021-01-24
5,2021-01-24
5,2021-01-23
5,2021-01-23
5,2021-01-23
5,2021-01-23
5,2021-01-23
5,2021-01-23
5,2021-01-23
5,2021-01-22
5,2021-01-22
5,2021-01-22
5,2021-01-22
5,2021-01-22
5,2021-01-22
5,2021-01-21
5,2021-01-21
5,2021-01-21
5,2021-01-21
5,2021-01-21
5,2021-01-21
5,2021-01-21
5,2021-01-21
5,2021-01-21
5,2021-01-21
5,2021-01-21
5,2021-01-21
5,2021-01-21
5,2021-01-21
5,2021-01-20
5,2021-01-20
5,2021-01-20
5,2021-01-20
5,2021-01-20
5,2021-01-20
5,2021-01-20
5,2021-01-20
5,2021-01-20
5,2021-01-20
5,2021-01-20
5,2021-01-20
5,2021-01-20
5,2021-01-19
5,2021-01-19
2,2021-01-19
5,2021-01-19
5,2021-01-19
5,2021-01-19
4,2021-01-19
5,2021-01-19
5,2021-01-19
5,2021-01-19
5,2021-01-18
5,2021-01-18
5,2021-01-18
4,2021-01-18
5,2021-01-18
5,2021-01-18
5,2021-01-18
5,2021-01-18
5,2021-01-18
5,2021-01-18
5,2021-01-18
5,2021-01-18
5,2021-01-17
5,2021-01-17
5,2021-01-17
5,2021-01-17
5,2021-01-17
5,2021-01-17
5,2021-01-17
5,2021-01-17
4,2021-01-17
5,2021-01-17
5,2021-01-17
5,2021-01-16
4,2021-01-16
5,2021-01-16
5,2021-01-16
5,2021-01-16
3,2021-01-16
5,2021-01-16
5,2021-01-16
5,2021-01-15
5,2021-01-15
5,2021-01-15
5,2021-01-15
5,2021-01-15
5,2021-01-15
5,2021-01-15
5,2021-01-15
5,2021-01-15
5,2021-01-15
5,2021-01-15
5,2021-01-14
5,2021-01-14
5,2021-01-14
5,2021-01-14
5,2021-01-14
5,2021-01-14
5,2021-01-14
5,2021-01-14
5,2021-01-14
5,2021-01-13
5,2021-01-13
5,2021-01-13
5,2021-01-13
5,2021-01-13
5,2021-01-13
5,2021-01-12
5,2021-01-12
5,2021-01-12
5,2021-01-12
5,2021-01-12
5,2021-01-12
5,2021-01-12
4,2021-01-12
5,2021-01-11
5,2021-01-11
5,2021-01-11
5,2021-01-11
5,2021-01-11
5,2021-01-11
5,2021-01-11
5,2021-01-11
5,2021-01-11
5,2021-01-11
5,2021-01-11
5,2021-01-11
5,2021-01-11
5,2021-01-11
5,2021-01-11
5,2021-01-11
5,2021-01-10
5,2021-01-10
5,2021-01-10
5,2021-01-10
5,2021-01-10
5,2021-01-10
5,2021-01-10
5,2021-01-10
5,2021-01-10
5,2021-01-10
5,2021-01-10
5,2021-01-10
5,2021-01-10
5,2021-01-10
5,2021-01-10
5,2021-01-10
5,2021-01-09
5,2021-01-09
5,2021-01-09
5,2021-01-09
5,2021-01-09
5,2021-01-09
5,2021-01-09
5,2021-01-08
5,2021-01-08
5,2021-01-08
5,2021-01-08
5,2021-01-08
3,2021-01-08
5,2021-01-08
5,2021-01-07
5,2021-01-07
5,2021-01-07
5,2021-01-07
5,2021-01-07
5,2021-01-07
5,2021-01-07
5,2021-01-06
5,2021-01-06
4,2021-01-06
5,2021-01-06
5,2021-01-06
5,2021-01-05
5,2021-01-05
5,2021-01-05
5,2021-01-05
5,2021-01-05
5,2021-01-05
5,2021-01-04
5,2021-01-04
5,2021-01-04
5,2021-01-04
5,2021-01-04
5,2021-01-04
5,2021-01-04
5,2021-01-04
5,2021-01-04
5,2021-01-04
5,2021-01-04
5,2021-01-04
5,2021-01-04
5,2021-01-04
5,2021-01-04
5,2021-01-04
5,2021-01-03
5,2021-01-03
5,2021-01-03
5,2021-01-03
5,2021-01-03
4,2021-01-03
5,2021-01-03
5,2021-01-03
5,2021-01-03
5,2021-01-03
5,2021-01-03
5,2021-01-03
5,2021-01-03
5,2021-01-02
5,2021-01-02
5,2021-01-02
5,2021-01-02
5,2021-01-02
5,2021-01-02
5,2021-01-02
5,2021-01-02
5,2021-01-02
5,2021-01-01
5,2021-01-01
5,2021-01-01
5,2021-01-01
5,2021-01-01
5,2021-01-01
5,2021-01-01
5,2021-01-01
5,2021-01-01
5,2021-01-01
5,2021-01-01
4,2021-01-01
5,2021-01-01
5,2021-01-01
5,2020-12-31
5,2020-12-31
5,2020-12-31
5,2020-12-31
5,2020-12-31
5,2020-12-31
5,2020-12-31
5,2020-12-31
5,2020-12-31
5,2020-12-31
5,2020-12-31
5,2020-12-31
5,2020-12-31
5,2020-12-30
5,2020-12-30
5,2020-12-30
5,2020-12-30
5,2020-12-30
5,2020-12-30
5,2020-12-30
5,2020-12-30
5,2020-12-30
5,2020-12-29
5,2020-12-29
5,2020-12-29
5,2020-12-29
5,2020-12-29
5,2020-12-29
5,2020-12-29
5,2020-12-29
5,2020-12-29
5,2020-12-29
5,2020-12-29
5,2020-12-28
5,2020-12-28
5,2020-12-28
5,2020-12-28
5,2020-12-28
5,2020-12-28
3,2020-12-28
5,2020-12-28
5,2020-12-28
5,2020-12-28
5,2020-12-28
5,2020-12-28
5,2020-12-28
5,2020-12-28
5,2020-12-28
5,2020-12-28
5,2020-12-28
5,2020-12-28
5,2020-12-28
5,2020-12-27
5,2020-12-27
5,2020-12-27
5,2020-12-27
5,2020-12-27
5,2020-12-27
5,2020-12-27
5,2020-12-27
5,2020-12-27
5,2020-12-27
5,2020-12-27
5,2020-12-27
5,2020-12-27
5,2020-12-27
5,2020-12-27
5,2020-12-27
5,2020-12-27
5,2020-12-26
5,2020-12-26
5,2020-12-26
5,2020-12-26
5,2020-12-26
5,2020-12-26
5,2020-12-26
1,2020-12-26
5,2020-12-26
5,2020-12-26
5,2020-12-26
5,2020-12-26
5,2020-12-26
5,2020-12-26
5,2020-12-26
5,2020-12-26
5,2020-12-26
5,2020-12-26
5,2020-12-26
5,2020-12-26
5,2020-12-26
5,2020-12-25
5,2020-12-25
5,2020-12-25
5,2020-12-25
5,2020-12-25
5,2020-12-25
4,2020-12-25
5,2020-12-25
5,2020-12-25
4,2020-12-25
5,2020-12-25
5,2020-12-25
5,2020-12-25
5,2020-12-25
5,2020-12-25
5,2020-12-25
5,2020-12-25
5,2020-12-25
5,2020-12-25
5,2020-12-25
5,2020-12-25
5,2020-12-25
5,2020-12-25
5,2020-12-25
5,2020-12-25
5,2020-12-25
5,2020-12-24
5,2020-12-24
5,2020-12-24
5,2020-12-24
1,2020-12-24
5,2020-12-24
5,2020-12-24
5,2020-12-24
5,2020-12-24
5,2020-12-24
5,2020-12-24
5,2020-12-24
5,2020-12-24
3,2020-12-24
5,2020-12-24
5,2020-12-24
5,2020-12-24
5,2020-12-24
5,2020-12-24
5,2020-12-24
5,2020-12-24
5,2020-12-23
4,2020-12-23
5,2020-12-23
5,2020-12-23
5,2020-12-23
5,2020-12-23
5,2020-12-23
5,2020-12-23
5,2020-12-23
5,2020-12-23
5,2020-12-23
5,2020-12-23
5,2020-12-23
5,2020-12-23
5,2020-12-23
5,2020-12-23
5,2020-12-23
5,2020-12-23
5,2020-12-22
5,2020-12-22
5,2020-12-22
5,2020-12-22
5,2020-12-22
5,2020-12-22
3,2021-07-26
5,2020-12-22
5,2020-12-22
5,2020-12-22
4,2020-12-22
3,2021-01-05
5,2020-12-22
5,2020-12-22
5,2020-12-22
5,2020-12-22
5,2020-12-22
5,2020-12-21
5,2020-12-21
1,2020-12-21
5,2020-12-21
5,2020-12-21
5,2020-12-21
5,2020-12-21
5,2020-12-21
5,2020-12-21
5,2020-12-21
5,2020-12-21
5,2020-12-21
4,2020-12-21
5,2020-12-21
5,2020-12-21
5,2020-12-21
5,2020-12-20
5,2020-12-20
4,2020-12-20
5,2020-12-20
5,2020-12-20
5,2020-12-20
5,2020-12-20
3,2020-12-20
5,2020-12-20
5,2020-12-20
4,2020-12-20
5,2020-12-20
5,2020-12-20
5,2020-12-20
5,2020-12-20
5,2020-12-20
5,2020-12-20
5,2020-12-20
5,2020-12-20
5,2020-12-20
5,2020-12-19
5,2020-12-19
5,2020-12-19
5,2020-12-19
3,2020-12-19
5,2020-12-19
5,2020-12-19
5,2020-12-19
4,2020-12-19
5,2020-12-19
5,2020-12-19
5,2020-12-19
4,2020-12-19
5,2020-12-19
5,2020-12-19
5,2020-12-19
5,2020-12-19
5,2020-12-19
5,2020-12-18
5,2020-12-18
5,2020-12-18
5,2020-12-18
5,2020-12-18
5,2020-12-18
5,2020-12-18
5,2020-12-18
5,2020-12-18
5,2020-12-18
5,2020-12-18
4,2020-12-18
5,2020-12-18
5,2020-12-18
5,2020-12-18
5,2020-12-18
5,2020-12-18
5,2020-12-18
5,2020-12-18
5,2020-12-18
5,2020-12-18
5,2020-12-18
5,2020-12-18
5,2020-12-18
5,2020-12-18
5,2020-12-17
5,2020-12-17
5,2020-12-17
5,2020-12-17
5,2020-12-17
5,2020-12-17
5,2020-12-17
5,2020-12-17
5,2020-12-17
3,2020-12-17
5,2020-12-17
5,2020-12-17
5,2020-12-17
5,2020-12-17
5,2020-12-17
5,2020-12-17
5,2020-12-17
5,2020-12-17
5,2020-12-17
4,2020-12-17
5,2020-12-17
5,2020-12-17
5,2020-12-17
5,2020-12-17
5,2020-12-17
5,2020-12-17
5,2020-12-17
5,2020-12-17
5,2020-12-17
5,2020-12-17
5,2020-12-17
5,2020-12-17
5,2020-12-17
5,2020-12-17
5,2020-12-17
5,2020-12-17
5,2020-12-17
5,2020-12-17
5,2020-12-17
5,2020-12-17
5,2020-12-17
5,2020-12-17
5,2020-12-17
5,2020-12-17
5,2020-12-17
5,2020-12-17
5,2020-12-16
5,2020-12-16
5,2020-12-16
5,2020-12-16
5,2020-12-16
5,2020-12-16
5,2020-12-16
5,2020-12-16
4,2020-12-16
5,2020-12-16
5,2020-12-16
5,2020-12-16
5,2020-12-16
5,2020-12-16
5,2020-12-16
5,2020-12-16
5,2020-12-16
5,2020-12-16
5,2020-12-16
5,2020-12-16
5,2020-12-16
5,2020-12-16
5,2020-12-16
5,2020-12-16
4,2020-12-16
5,2020-12-16
5,2020-12-16
5,2020-12-16
5,2020-12-16
5,2020-12-16
5,2020-12-16
4,2020-12-16
5,2020-12-16
5,2020-12-16
5,2020-12-16
5,2020-12-16
5,2020-12-16
5,2020-12-16
4,2020-12-16
4,2020-12-16
5,2020-12-16
5,2020-12-16
3,2020-12-16
5,2020-12-16
5,2020-12-16
5,2020-12-16
5,2020-12-15
5,2020-12-15
5,2020-12-15
5,2020-12-15
4,2020-12-15
5,2020-12-15
5,2020-12-15
5,2020-12-15
5,2020-12-15
5,2020-12-15
5,2020-12-15
5,2020-12-15
5,2020-12-15
5,2020-12-15
5,2020-12-15
5,2020-12-15
5,2020-12-15
5,2020-12-15
5,2020-12-15
5,2020-12-15
5,2020-12-15
5,2020-12-15
5,2020-12-15
5,2020-12-15
5,2020-12-15
5,2020-12-15
5,2020-12-15
5,2020-12-15
5,2020-12-15
5,2020-12-15
5,2020-12-15
4,2020-12-13
5,2020-12-13
4,2020-12-13
5,2020-12-12
5,2020-12-12
5,2020-12-12
5,2020-12-12
5,2020-12-12
5,2020-12-11
3,2020-12-11
5,2020-12-11
5,2020-12-11
5,2020-12-10
5,2020-12-10
5,2020-12-10
5,2020-12-10
5,2020-12-09
5,2020-12-09
5,2020-12-09
4,2020-12-09
5,2020-12-09
5,2020-12-09
5,2020-12-09
5,2020-12-08
5,2020-12-08
5,2020-12-08
5,2020-12-08
5,2020-12-07
5,2020-12-07
5,2020-12-07
5,2020-12-07
5,2020-12-06
5,2020-12-06
5,2020-12-05
5,2020-12-05
5,2020-12-05
5,2020-12-05
3,2020-12-04
4,2020-12-04
5,2020-12-04
5,2020-12-04
5,2020-12-03
5,2020-12-03
5,2020-12-03
5,2020-12-03
4,2020-12-03
4,2020-12-02
5,2020-12-02
5,2020-12-02
5,2020-12-02
5,2020-12-02
5,2020-12-01
5,2020-12-01
5,2020-12-01
5,2020-12-01
5,2020-12-01
5,2020-12-01
5,2020-11-30
5,2020-11-30
5,2020-11-30
5,2020-11-30
5,2020-11-30
5,2020-11-30
5,2020-11-30
5,2020-11-29
5,2020-11-29
5,2020-11-29
5,2020-11-29
5,2020-11-29
5,2020-11-29
5,2020-11-29
5,2020-11-28
5,2020-11-28
5,2020-11-27
5,2020-11-27
5,2020-11-27
4,2020-11-27
4,2020-11-26
5,2020-11-26
5,2020-11-26
5,2020-11-25
5,2020-11-25
5,2020-11-25
5,2020-11-25
5,2020-11-25
5,2020-11-25
5,2020-11-25
5,2020-11-23
5,2020-11-23
5,2020-11-23
5,2020-11-23
5,2020-11-22
5,2020-11-22
5,2020-11-22
5,2020-11-22
5,2020-11-22
5,2020-11-21
4,2020-11-21
5,2020-11-21
5,2020-11-21
5,2020-11-21
5,2020-11-21
5,2020-11-20
5,2020-11-20
5,2020-11-20
5,2020-11-20
5,2020-11-19
5,2020-11-19
5,2020-11-19
5,2020-11-19
5,2020-11-19
5,2020-11-19
5,2020-11-18
5,2020-11-18
5,2020-11-18
5,2020-11-17
5,2020-11-17
5,2020-11-17
5,2020-11-17
5,2020-11-17
5,2020-11-17
5,2020-11-17
5,2020-11-17
5,2020-11-17
5,2020-11-16
5,2020-11-16
5,2020-11-16
5,2020-11-16
5,2020-11-16
5,2020-11-16
5,2020-11-16
5,2020-11-16
5,2020-11-16
5,2020-11-15
5,2020-11-15
5,2020-11-15
4,2020-11-15
5,2020-11-15
5,2020-11-15
5,2020-11-15
5,2020-11-15
5,2020-11-15
5,2020-11-15
5,2020-11-14
5,2020-11-14
4,2020-11-14
5,2020-11-14
5,2020-11-14
5,2020-11-14
5,2020-11-14
5,2020-11-14
5,2020-11-14
5,2020-11-13
5,2020-11-13
5,2020-11-13
5,2020-11-13
5,2020-11-13
5,2020-11-13
5,2020-11-13
5,2020-11-13
5,2020-11-12
5,2020-11-12
5,2020-11-12
4,2020-11-12
5,2020-11-12
5,2020-11-12
5,2020-11-12
5,2020-11-11
5,2020-11-11
5,2020-11-11
5,2020-11-11
5,2020-11-11
5,2020-11-11
5,2020-11-11
5,2020-11-11
5,2020-11-11
5,2020-11-10
5,2020-11-10
5,2020-11-10
5,2020-11-10
5,2020-11-10
5,2020-11-09
5,2020-11-09
5,2020-11-09
5,2020-11-09
5,2020-11-09
5,2020-11-08
5,2020-11-08
5,2020-11-08
5,2020-11-08
5,2020-11-08
5,2020-11-08
5,2020-11-08
5,2020-11-08
5,2020-11-08
5,2020-11-07
5,2020-11-07
5,2020-11-07
5,2020-11-07
5,2020-11-06
5,2020-11-06
5,2020-11-06
5,2020-11-06
5,2020-11-06
5,2020-11-06
5,2020-11-05
5,2020-11-05
5,2020-11-05
5,2020-11-04
5,2020-11-04
5,2020-11-04
4,2020-11-04
5,2020-11-04
5,2020-11-04
5,2020-11-04
4,2020-11-04
5,2020-11-04
5,2020-11-03
5,2020-11-03
5,2020-11-03
5,2020-11-03
5,2020-11-02
5,2020-11-02
5,2020-11-02
5,2020-11-02
5,2020-11-01
5,2020-11-01
5,2020-11-01
5,2020-11-01
5,2020-11-01
5,2020-11-01
5,2020-10-31
5,2020-10-31
5,2020-10-31
5,2020-10-31
5,2020-10-30
5,2020-10-30
5,2020-10-30
5,2020-10-30
5,2020-10-30
5,2020-10-30
5,2020-10-30
5,2020-10-30
5,2020-10-29
5,2020-10-29
5,2020-10-29
5,2020-10-28
5,2020-10-28
5,2020-10-28
5,2020-10-28
5,2020-10-28
5,2020-10-28
5,2020-10-27
5,2020-10-27
5,2020-10-27
4,2020-10-26
5,2020-10-26
5,2020-10-26
5,2020-10-26
5,2020-10-25
5,2020-10-25
5,2020-10-25
5,2020-10-25
5,2020-10-25
5,2020-10-24
5,2020-10-24
5,2020-10-24
5,2020-10-24
1,2020-10-23
5,2020-10-23
5,2020-10-23
5,2020-10-23
5,2020-10-23
1,2020-10-23
5,2020-10-22
5,2020-10-22
5,2020-10-22
5,2020-10-22
5,2020-10-22
5,2020-10-22
5,2020-10-22
5,2020-10-21
5,2020-10-21
5,2020-10-21
5,2020-10-21
5,2020-10-20
5,2020-10-20
5,2020-10-20
4,2020-10-20
5,2020-10-20
5,2020-10-20
5,2020-10-19
5,2020-10-19
5,2020-10-19
5,2020-10-19
5,2020-10-19
5,2020-10-19
5,2020-10-19
5,2020-10-19
5,2020-10-18
5,2020-10-18
5,2020-10-18
5,2020-10-18
5,2020-10-18
5,2020-10-18
5,2020-10-18
5,2020-10-18
5,2020-10-17
5,2020-10-17
5,2020-10-17
5,2020-10-17
5,2020-10-17
5,2020-10-17
5,2020-10-16
5,2020-10-16
5,2020-10-15
5,2020-10-15
5,2020-10-15
5,2020-10-15
5,2020-10-15
5,2020-10-15
5,2020-10-15
5,2020-10-15
5,2020-10-14
5,2020-10-14
5,2020-10-14
5,2020-10-14
5,2020-10-14
5,2020-10-14
5,2020-10-14
5,2020-10-13
3,2020-10-13
5,2020-10-12
5,2020-10-12
5,2020-10-12
5,2020-10-12
5,2020-10-11
5,2020-10-11
5,2020-10-11
5,2020-10-11
5,2020-10-11
5,2020-10-11
5,2020-10-11
5,2020-10-11
5,2020-10-11
5,2020-10-10
5,2020-10-10
5,2020-10-10
5,2020-10-10
5,2020-10-10
5,2020-10-10
5,2020-10-09
5,2020-10-09
4,2020-10-09
5,2020-10-09
5,2020-10-09
5,2020-10-08
4,2020-10-08
5,2020-10-08
5,2020-10-08
5,2020-10-08
5,2020-10-08
5,2020-10-08
5,2020-10-08
5,2020-10-07
5,2020-10-07
5,2020-10-07
5,2020-10-07
5,2020-10-07
5,2020-10-06
4,2020-10-06
5,2020-10-06
5,2020-10-06
5,2020-10-05
5,2020-10-05
5,2020-10-05
5,2020-10-05
5,2020-10-05
5,2020-10-05
5,2020-10-05
5,2020-10-05
5,2020-10-04
5,2020-10-04
5,2020-10-04
5,2020-10-04
4,2020-10-04
5,2020-10-03
5,2020-10-03
5,2020-10-03
5,2020-10-03
1,2020-10-03
5,2020-10-02
5,2020-10-02
5,2020-10-02
5,2020-10-02
5,2020-10-02
1,2020-10-01
5,2020-10-01
5,2020-10-01
5,2020-10-01
5,2020-10-01
5,2020-09-30
5,2020-09-30
5,2020-09-30
5,2020-09-30
5,2020-09-30
5,2020-09-30
5,2020-09-30
5,2020-09-29
5,2020-09-29
5,2020-09-29
5,2020-09-29
5,2020-09-29
5,2020-09-29
5,2020-09-29
5,2020-09-29
5,2020-09-28
5,2020-09-28
5,2020-09-28
5,2020-09-28
5,2020-09-28
4,2020-09-28
5,2020-09-27
5,2020-09-27
5,2020-09-27
5,2020-09-27
5,2020-09-26
5,2020-09-26
5,2020-09-26
5,2020-09-26
5,2020-09-25
5,2020-09-25
5,2020-09-24
5,2020-09-24
5,2020-09-24
5,2020-09-23
5,2020-09-23
5,2020-09-23
5,2020-09-23
5,2020-09-23
5,2020-09-23
5,2020-09-23
5,2020-09-23
5,2020-09-22
5,2020-09-22
5,2020-09-22
5,2020-09-22
5,2020-09-21
5,2020-09-21
5,2020-09-21
5,2020-09-21
5,2020-09-20
5,2020-09-20
4,2020-09-20
5,2020-09-20
5,2020-09-20
5,2020-09-19
5,2020-09-19
5,2020-09-19
5,2020-09-19
5,2020-09-19
5,2020-09-18
5,2020-09-18
5,2020-09-18
5,2020-09-18
5,2020-09-17
4,2020-09-17
5,2020-09-17
5,2020-09-17
5,2020-09-17
5,2020-09-17
5,2020-09-17
5,2020-09-17
5,2020-09-17
5,2020-09-17
5,2020-09-16
5,2020-09-16
5,2020-09-16
5,2020-09-16
5,2020-09-16
5,2020-09-16
5,2020-09-16
5,2020-09-16
5,2020-09-16
5,2020-09-16
5,2020-09-16
5,2020-09-16
5,2020-09-15
5,2020-09-15
5,2020-09-15
5,2020-09-15
5,2020-09-15
4,2020-09-15
4,2020-09-14
5,2020-09-14
5,2020-09-14
5,2020-09-14
5,2020-09-14
5,2020-09-14
5,2020-09-14
5,2020-09-13
5,2020-09-12
5,2020-09-12
5,2020-09-12
5,2020-09-11
5,2020-09-11
5,2020-09-11
5,2020-09-11
5,2020-09-11
5,2020-09-11
5,2020-09-11
4,2020-09-10
5,2020-09-10
5,2020-09-10
5,2020-09-10
5,2020-09-10
5,2020-09-10
5,2020-09-10
5,2020-09-26
5,2020-09-09
5,2020-09-09
5,2020-09-09
5,2020-09-09
5,2020-09-08
5,2020-09-08
5,2020-09-08
5,2020-09-08
5,2020-09-08
5,2020-09-08
5,2020-09-08
5,2020-09-07
5,2020-09-07
5,2020-09-07
5,2020-09-06
5,2020-09-06
5,2020-09-06
5,2020-09-06
5,2020-09-05
4,2020-09-05
5,2020-09-04
5,2020-09-04
4,2020-09-04
5,2020-09-04
5,2020-09-04
5,2020-09-04
5,2020-09-04
5,2020-09-04
5,2020-09-03
5,2020-09-03
5,2020-09-03
5,2020-09-03
5,2020-09-03
5,2020-09-03
5,2020-09-03
5,2020-09-03
5,2020-09-03
5,2020-09-02
5,2020-09-02
5,2020-09-02
5,2020-09-02
5,2020-09-02
5,2020-09-02
5,2020-09-02
5,2020-09-02
5,2020-09-02
4,2020-09-02
5,2020-09-02
5,2020-09-02
5,2020-09-02
5,2020-09-02
5,2020-09-02
5,2020-09-02
5,2020-09-02
5,2020-09-02
5,2020-09-01
5,2020-09-01
5,2020-09-01
5,2020-09-01
5,2020-08-31
5,2020-08-31
5,2020-08-31
5,2020-08-31
5,2020-08-31
5,2020-08-31
5,2020-08-31
5,2020-08-31
5,2020-08-31
5,2020-08-31
5,2020-08-31
5,2020-08-30
5,2020-08-30
5,2020-08-30
5,2020-08-30
5,2020-08-30
5,2020-08-30
5,2020-08-30
5,2020-08-30
5,2020-08-30
5,2020-08-30
5,2020-08-29
5,2020-08-29
5,2020-08-29
5,2020-08-29
5,2020-08-29
5,2020-08-29
5,2020-08-28
5,2020-08-28
5,2020-08-28
5,2020-08-26
5,2020-08-26
5,2020-08-26
5,2020-08-26
5,2020-08-26
5,2020-08-25
5,2020-08-25
5,2020-08-25
5,2020-08-25
5,2020-08-25
5,2020-08-25
5,2020-08-25
5,2020-08-25
5,2020-08-25
5,2020-08-25
4,2020-08-25
5,2020-08-24
5,2020-08-24
5,2020-08-24
5,2020-08-24
5,2020-08-24
5,2020-08-24
5,2020-08-24
5,2020-08-24
5,2020-08-24
5,2020-08-23
5,2020-08-23
5,2020-08-23
5,2020-08-23
5,2020-08-23
5,2020-08-23
5,2020-08-23
5,2020-08-23
5,2020-08-23
5,2020-08-23
5,2020-08-23
5,2020-08-22
5,2020-08-22
5,2020-08-22
5,2020-08-22
5,2020-08-22
5,2020-08-22
5,2020-08-22
5,2020-08-22
5,2020-08-22
4,2020-08-21
5,2020-08-21
5,2020-08-21
5,2020-08-21
5,2020-08-21
5,2020-08-20
5,2020-08-20
5,2020-08-20
5,2020-08-20
5,2020-08-19
5,2020-08-19
5,2020-08-19
5,2020-08-19
5,2020-08-19
5,2020-08-18
4,2020-08-18
5,2020-08-18
5,2020-08-18
5,2020-08-18
5,2020-08-18
5,2020-08-17
5,2020-08-17
5,2020-08-17
5,2020-08-17
5,2020-08-17
5,2020-08-17
5,2020-08-17
5,2020-08-17
5,2020-08-17
5,2020-08-16
5,2020-08-16
3,2020-08-16
5,2020-08-16
5,2020-08-16
5,2020-08-15
5,2020-08-15
5,2020-08-15
5,2020-08-14
5,2020-08-14
5,2020-08-14
5,2020-08-14
5,2020-08-14
5,2020-08-14
5,2020-08-13
5,2020-08-13
5,2020-08-13
5,2020-08-13
5,2020-08-13
5,2020-08-12
5,2020-08-12
5,2020-08-12
5,2020-08-12
5,2020-08-12
4,2020-08-12
5,2020-08-12
5,2020-08-11
5,2020-08-11
5,2020-08-11
5,2020-08-11
5,2020-08-11
5,2020-08-11
4,2020-08-11
5,2020-08-11
5,2020-08-11
3,2020-08-11
5,2020-08-10
5,2020-08-10
5,2020-08-10
5,2020-08-10
5,2020-08-10
5,2020-08-10
5,2020-08-10
5,2020-08-10
5,2020-08-10
5,2020-08-10
5,2020-08-10
5,2020-08-10
5,2020-08-10
5,2020-08-09
5,2020-08-09
5,2020-08-09
5,2020-08-09
2,2020-08-09
5,2020-08-08
5,2020-08-08
5,2020-08-08
2,2020-08-08
5,2020-08-07
5,2020-08-07
5,2020-08-07
5,2020-08-07
5,2020-08-07
5,2020-08-07
5,2020-08-07
4,2020-08-06
5,2020-08-06
5,2020-08-06
4,2020-08-06
5,2020-08-06
5,2020-08-06
5,2020-08-06
5,2020-08-06
5,2020-08-05
5,2020-08-05
5,2020-08-05
5,2020-08-05
5,2020-08-05
5,2020-08-05
5,2020-08-05
5,2020-08-05
5,2020-08-05
5,2020-08-05
4,2020-08-05
5,2020-08-05
5,2020-08-05
5,2020-08-04
5,2020-08-04
5,2020-08-04
5,2020-08-04
5,2020-08-04
5,2020-08-04
4,2020-08-04
5,2020-08-04
5,2020-08-04
5,2020-08-03
5,2020-08-03
5,2020-08-03
5,2020-08-03
5,2020-08-03
5,2020-08-03
5,2020-08-03
5,2020-08-03
5,2020-08-03
5,2020-08-03
5,2020-08-03
5,2020-08-02
5,2020-08-02
5,2020-08-02
5,2020-08-02
5,2020-08-02
3,2020-08-02
5,2020-08-02
5,2020-08-02
5,2020-08-02
5,2020-08-02
5,2020-08-02
5,2020-08-02
5,2020-08-01
5,2020-08-01
5,2020-08-01
5,2020-08-01
5,2020-08-01
1,2020-08-01
5,2020-07-31
5,2020-07-31
5,2020-07-31
5,2020-07-31
5,2020-07-31
5,2020-07-30
5,2020-07-30
5,2020-07-30
5,2020-07-30
5,2020-07-30
5,2020-07-29
5,2020-07-29
5,2020-07-29
5,2020-07-28
5,2020-07-28
5,2020-07-28
5,2020-07-28
5,2020-07-28
5,2020-07-28
5,2020-07-27
5,2020-07-27
4,2020-07-26
5,2020-07-26
5,2020-07-26
5,2020-07-25
5,2020-07-25
2,2020-07-25
5,2020-07-25
5,2020-07-25
5,2020-07-25
5,2020-07-25
5,2020-07-25
5,2020-07-25
5,2020-07-25
5,2020-07-24
5,2020-07-24
5,2020-07-24
5,2020-07-24
5,2020-07-24
5,2020-07-24
5,2020-07-24
5,2020-07-24
5,2020-07-23
5,2020-07-23
5,2020-07-23
5,2020-07-23
5,2020-07-23
5,2020-07-23
5,2020-07-23
5,2020-07-23
5,2020-07-23
5,2020-07-23
5,2020-07-23
5,2020-07-23
5,2020-07-23
5,2020-07-22
5,2020-07-22
5,2020-07-22
5,2020-07-22
5,2020-07-22
5,2020-07-22
4,2020-07-22
5,2020-07-22
5,2020-07-22
5,2020-07-22
5,2020-07-21
5,2020-07-21
5,2020-07-21
5,2020-07-21
5,2020-07-21
5,2020-07-21
5,2020-07-21
5,2020-07-21
5,2020-07-21
5,2020-07-21
5,2020-07-21
5,2020-07-21
5,2020-07-21
5,2020-07-20
5,2020-07-20
5,2020-07-20
5,2020-07-20
5,2020-07-20
5,2020-07-20
5,2020-07-20
5,2020-07-20
5,2020-07-20
5,2020-07-20
5,2020-07-20
5,2020-07-20
5,2020-07-20
5,2020-07-20
4,2020-07-20
5,2020-07-19
5,2020-07-19
5,2020-07-19
5,2020-07-19
5,2020-07-19
5,2020-07-19
1,2020-07-19
5,2020-07-18
5,2020-07-18
4,2020-07-18
3,2020-07-18
1,2020-07-18
5,2020-07-18
5,2020-07-18
5,2020-07-17
5,2020-07-17
5,2020-07-17
5,2020-07-17
5,2020-07-17
5,2020-07-17
5,2020-07-17
5,2020-07-17
5,2020-07-17
5,2020-07-17
5,2020-07-17
5,2020-07-17
5,2020-07-16
5,2020-07-16
5,2020-07-16
5,2020-07-16
5,2020-07-16
5,2020-07-16
5,2020-07-16
5,2020-07-16
5,2020-07-16
5,2020-07-16
5,2020-07-16
5,2020-07-16
5,2020-07-16
5,2020-07-16
5,2020-07-15
5,2020-07-15
5,2020-07-15
5,2020-07-15
5,2020-07-15
5,2020-07-15
5,2020-07-15
5,2020-07-14
5,2020-07-14
5,2020-07-14
5,2020-07-14
5,2020-07-14
5,2020-07-14
5,2020-07-13
5,2020-07-13
5,2020-07-13
5,2020-07-13
5,2020-07-13
5,2020-07-13
5,2020-07-13
5,2020-07-13
2,2020-07-13
5,2020-07-13
5,2020-07-12
5,2020-07-12
5,2020-07-12
5,2020-07-12
5,2020-07-12
5,2020-07-12
5,2020-07-12
5,2020-07-12
5,2020-07-12
5,2020-07-11
5,2020-07-11
5,2020-07-11
5,2020-07-11
5,2020-07-11
1,2020-07-11
5,2020-07-11
5,2020-07-11
5,2020-07-11
5,2020-07-11
5,2020-07-11
5,2020-07-11
5,2020-07-11
5,2020-07-11
5,2020-07-11
5,2020-07-11
5,2020-07-10
5,2020-07-10
5,2020-07-10
5,2020-07-10
5,2020-07-10
5,2020-07-10
5,2020-07-10
5,2020-07-10
5,2020-07-10
5,2020-07-10
5,2020-07-10
5,2020-07-10
5,2020-07-10
5,2020-07-09
5,2020-07-09
5,2020-07-09
5,2020-07-09
5,2020-07-09
5,2020-07-09
5,2020-07-09
5,2020-07-09
5,2020-07-08
5,2020-07-08
4,2020-07-08
5,2020-07-08
5,2020-07-08
5,2020-07-08
4,2020-07-08
5,2020-07-08
5,2020-07-08
5,2020-07-08
5,2020-07-08
5,2020-07-07
5,2020-07-07
5,2020-07-07
4,2020-07-06
5,2020-07-06
5,2020-07-06
5,2020-07-06
5,2020-07-06
5,2020-07-06
5,2020-07-06
5,2020-07-06
5,2020-07-06
5,2020-07-06
5,2020-07-06
5,2020-07-06
5,2020-07-05
5,2020-07-05
5,2020-07-05
5,2020-07-05
5,2020-07-05
5,2020-07-05
5,2020-07-05
5,2020-07-05
5,2020-07-05
5,2020-07-05
5,2020-07-04
5,2020-07-04
5,2020-07-04
5,2020-07-04
5,2020-07-04
5,2020-07-03
5,2020-07-03
5,2020-07-03
5,2020-07-03
5,2020-07-03
5,2020-07-03
5,2020-07-03
5,2020-07-03
5,2020-07-03
5,2020-07-03
4,2020-07-03
4,2020-07-02
5,2020-07-02
5,2020-07-02
5,2020-07-02
5,2020-07-02
5,2020-07-02
5,2020-07-02
5,2020-07-01
5,2020-07-01
5,2020-07-01
5,2020-07-01
5,2020-07-01
5,2020-07-01
5,2020-07-01
5,2020-07-01
5,2020-07-01
5,2020-07-01
5,2020-07-01
5,2020-07-01
5,2020-07-01
4,2020-06-30
5,2020-06-30
5,2020-06-30
5,2020-06-30
5,2020-06-30
5,2020-06-30
5,2020-06-30
5,2020-06-30
5,2020-06-30
5,2020-06-30
1,2020-06-30
5,2020-06-29
4,2020-06-29
5,2020-06-29
5,2020-06-29
5,2020-06-29
5,2020-06-29
5,2020-06-29
5,2020-06-29
5,2020-06-29
5,2020-06-29
5,2020-06-28
5,2020-06-28
3,2020-06-28
4,2020-06-28
5,2020-06-28
5,2020-06-28
5,2020-06-28
4,2020-06-28
4,2020-06-28
4,2020-06-28
5,2020-06-27
5,2020-06-27
5,2020-06-27
5,2020-06-27
5,2020-06-27
5,2020-06-27
5,2020-06-27
5,2020-06-27
5,2020-06-27
5,2020-06-27
5,2020-06-27
5,2020-06-27
5,2020-06-26
5,2020-06-26
5,2020-06-26
5,2020-06-26
5,2020-06-26
5,2020-06-26
5,2020-06-26
5,2020-06-26
5,2020-06-26
5,2020-06-26
5,2020-06-26
5,2020-06-26
5,2020-06-26
5,2020-06-25
5,2020-06-25
5,2020-06-25
5,2020-06-25
5,2020-06-25
5,2020-06-25
4,2020-06-25
5,2020-06-25
5,2020-06-25
5,2020-06-25
5,2020-06-24
5,2020-06-24
5,2020-06-24
5,2020-06-24
5,2020-06-24
5,2020-06-24
5,2020-06-24
4,2020-06-24
5,2020-06-24
4,2020-06-24
5,2020-06-24
5,2020-06-24
5,2020-06-24
5,2020-06-24
5,2020-06-24
5,2020-06-23
5,2020-06-23
5,2020-06-23
5,2020-06-23
5,2020-06-23
5,2020-06-23
5,2020-06-23
5,2020-06-23
5,2020-06-23
5,2020-06-23
5,2020-06-23
5,2020-06-23
5,2020-06-23
5,2020-06-23
5,2020-06-23
1,2020-06-23
3,2020-06-23
5,2020-06-22
5,2020-06-22
5,2020-06-22
5,2020-06-22
5,2020-06-22
4,2020-06-22
5,2020-06-22
5,2020-06-22
5,2020-06-22
5,2020-06-22
5,2020-06-22
5,2020-06-22
5,2020-06-22
5,2020-06-22
5,2020-06-22
3,2020-06-22
5,2020-06-22
5,2020-06-21
5,2020-06-21
5,2020-06-21
5,2020-06-21
5,2020-06-21
5,2020-06-21
5,2020-06-21
5,2020-06-21
5,2020-06-21
4,2020-06-21
5,2020-06-20
5,2020-06-20
5,2020-06-20
5,2020-06-20
5,2020-06-20
5,2020-06-20
5,2020-06-20
5,2020-06-20
5,2020-06-20
5,2020-06-19
5,2020-06-19
5,2020-06-19
5,2020-06-19
5,2020-06-19
5,2020-06-19
5,2020-06-19
5,2020-06-19
5,2020-06-19
5,2020-06-19
5,2020-06-19
5,2020-06-19
5,2020-06-19
5,2020-06-19
5,2020-06-19
5,2020-06-19
4,2020-06-18
5,2020-06-18
5,2020-06-18
5,2020-06-18
5,2020-06-18
5,2020-06-18
5,2020-06-18
5,2020-06-17
5,2020-06-17
4,2020-06-17
5,2020-06-17
5,2020-06-17
5,2020-06-17
5,2020-06-17
5,2020-06-17
5,2020-06-16
4,2020-06-16
4,2020-06-16
5,2020-06-16
5,2020-06-16
5,2020-06-16
4,2020-06-16
5,2020-06-16
5,2020-06-16
1,2020-06-16
5,2020-06-15
5,2020-06-15
5,2020-06-15
5,2020-06-15
5,2020-06-15
5,2020-06-15
5,2020-06-15
5,2020-06-15
5,2020-06-15
5,2020-06-15
5,2020-06-15
5,2020-06-14
5,2020-06-14
5,2020-06-14
5,2020-06-14
5,2020-06-14
5,2020-06-14
5,2020-06-14
5,2020-06-14
5,2020-06-14
5,2020-06-14
4,2020-06-14
5,2020-06-14
5,2020-06-13
5,2020-06-13
5,2020-06-13
5,2020-06-13
5,2020-06-13
5,2020-06-13
5,2020-06-13
5,2020-06-13
5,2020-06-13
5,2020-06-13
5,2020-06-13
5,2020-06-13
5,2020-06-13
4,2020-06-13
5,2020-06-13
5,2020-06-13
5,2020-06-13
5,2020-06-13
5,2020-06-13
5,2020-06-12
5,2020-06-12
5,2020-06-12
5,2020-06-12
5,2020-06-12
5,2020-06-12
5,2020-06-12
5,2020-06-12
5,2020-06-12
5,2020-06-12
5,2020-06-12
5,2020-06-12
5,2020-06-12
5,2020-06-12
5,2020-06-12
5,2020-06-12
5,2020-06-12
5,2020-06-12
5,2020-06-12
5,2020-06-12
5,2020-06-12
5,2020-06-12
5,2020-06-12
5,2020-06-12
5,2020-06-11
5,2020-06-11
5,2020-06-11
5,2020-06-11
5,2020-06-11
5,2020-06-11
5,2020-06-11
5,2020-06-11
5,2020-06-11
5,2020-06-11
5,2020-06-11
5,2020-06-11
5,2020-06-11
5,2020-06-11
5,2020-06-11
5,2020-06-11
5,2020-06-11
4,2020-06-11
5,2020-06-11
5,2020-06-11
5,2020-06-11
5,2020-06-11
5,2020-06-11
5,2020-06-11
5,2020-06-11
3,2021-07-22
5,2020-06-10
5,2020-06-10
5,2020-06-10
5,2020-06-10
5,2020-06-10
5,2020-06-10
5,2020-06-10
5,2020-06-10
5,2020-06-10
5,2020-06-10
5,2020-06-10
5,2020-06-10
5,2020-06-10
5,2020-06-10
5,2020-06-10
5,2020-06-10
5,2020-06-10
5,2020-06-10
5,2020-06-10
5,2020-06-10
4,2020-06-10
5,2020-06-09
5,2020-06-09
5,2020-06-09
5,2020-06-09
5,2020-06-09
5,2020-06-09
5,2020-06-09
5,2020-06-09
5,2020-06-08
5,2020-06-08
5,2020-06-08
5,2020-06-08
5,2020-06-08
5,2020-06-08
5,2020-06-08
5,2020-06-08
4,2020-06-08
5,2020-06-08
5,2020-06-08
5,2020-06-08
5,2020-06-08
5,2020-06-08
5,2020-06-08
4,2020-06-08
4,2020-06-08
5,2020-06-08
5,2020-06-08
5,2020-06-08
5,2020-06-07
5,2020-06-07
5,2020-06-07
5,2020-06-07
5,2020-06-07
5,2020-06-07
5,2020-06-07
5,2020-06-07
5,2020-06-07
5,2020-06-07
5,2020-06-07
5,2020-06-07
5,2020-06-06
4,2020-06-06
5,2020-06-06
5,2020-06-06
5,2020-06-06
5,2020-06-06
5,2020-06-06
5,2020-06-06
5,2020-06-06
5,2020-06-06
5,2020-06-06
5,2020-06-06
5,2020-06-06
4,2020-06-06
5,2020-06-06
5,2020-06-06
5,2020-06-06
5,2020-06-06
5,2020-06-06
5,2020-06-06
5,2020-06-06
5,2020-06-06
5,2020-06-05
5,2020-06-05
5,2020-06-05
5,2020-06-05
5,2020-06-05
5,2020-06-05
5,2020-06-05
5,2020-06-05
5,2020-06-05
5,2020-06-05
5,2020-06-05
5,2020-06-05
5,2020-06-05
5,2020-06-05
5,2020-06-04
5,2020-06-04
5,2020-06-04
5,2020-06-04
5,2020-06-04
5,2020-06-04
5,2020-06-04
5,2020-06-04
5,2020-06-04
5,2020-06-04
5,2020-06-04
5,2020-06-03
5,2020-06-03
5,2020-06-03
5,2020-06-03
5,2020-06-03
5,2020-06-03
5,2020-06-02
5,2020-06-02
5,2020-06-02
5,2020-06-02
4,2020-06-02
5,2020-06-02
4,2020-06-02
5,2020-06-02
5,2020-06-02
5,2020-06-02
5,2020-06-02
5,2020-06-02
5,2020-06-02
5,2020-06-02
5,2020-06-02
5,2020-06-01
5,2020-06-01
5,2020-06-01
5,2020-06-01
5,2020-06-01
5,2020-06-01
5,2020-06-01
5,2020-06-01
5,2020-06-01
5,2020-06-01
5,2020-06-01
5,2020-06-01
5,2020-06-01
5,2020-06-01
5,2020-06-01
5,2020-06-01
4,2020-06-01
4,2020-06-01
5,2020-05-31
5,2020-05-31
5,2020-05-31
5,2020-05-31
5,2020-05-31
5,2020-05-31
5,2020-05-31
5,2020-05-31
5,2020-05-31
5,2020-05-31
5,2020-05-31
5,2020-05-31
4,2020-05-31
5,2020-05-31
4,2020-05-31
4,2020-05-31
5,2020-05-31
5,2020-05-31
5,2020-05-31
5,2020-05-31
5,2020-05-31
5,2020-05-31
5,2020-05-31
5,2020-05-31
5,2020-05-30
5,2020-05-30
5,2020-05-30
5,2020-05-30
5,2020-05-30
5,2020-05-30
3,2020-05-30
5,2020-05-30
5,2020-05-30
5,2020-05-30
5,2020-05-30
5,2020-05-30
5,2020-05-30
5,2020-05-30
4,2020-05-30
5,2020-05-30
5,2020-05-30
5,2020-05-30
5,2020-05-30
5,2020-05-29
5,2020-05-29
5,2020-05-29
5,2020-05-29
5,2020-05-29
5,2020-05-29
5,2020-05-29
5,2020-05-29
5,2020-05-29
5,2020-05-29
5,2020-05-29
5,2020-05-29
5,2020-05-29
5,2020-05-28
5,2020-05-28
5,2020-05-28
4,2020-05-28
5,2020-05-28
5,2020-05-28
5,2020-05-28
5,2020-05-28
5,2020-05-28
5,2020-05-28
5,2020-05-28
5,2020-05-28
5,2020-05-28
5,2020-05-28
5,2020-05-28
5,2020-05-28
5,2020-05-28
4,2020-05-28
5,2020-05-28
5,2020-05-27
5,2020-05-27
5,2020-05-27
5,2020-05-27
5,2020-05-27
5,2020-05-27
5,2020-05-27
5,2020-05-27
5,2020-05-27
5,2020-05-27
5,2020-05-27
5,2020-05-27
5,2020-05-27
5,2020-05-27
5,2020-05-27
5,2020-05-27
5,2020-05-27
5,2020-05-27
5,2020-05-27
5,2020-05-27
5,2020-05-27
5,2020-05-27
5,2020-05-27
5,2020-05-27
5,2020-05-27
5,2020-05-26
5,2020-05-26
5,2020-05-26
4,2020-05-26
5,2020-05-26
5,2020-05-25
5,2020-05-25
4,2020-05-25
4,2020-05-25
5,2020-05-25
5,2020-05-25
5,2020-05-25
5,2020-05-25
5,2020-05-25
5,2020-05-25
5,2020-05-24
5,2020-05-24
5,2020-05-24
5,2020-05-24
5,2020-05-24
5,2020-05-24
5,2020-05-24
5,2020-05-24
5,2020-05-24
5,2020-05-24
5,2020-05-24
5,2020-05-24
5,2020-05-24
5,2020-05-24
5,2020-05-24
5,2020-05-24
5,2020-05-24
5,2020-05-24
5,2020-05-23
5,2020-05-23
5,2020-05-23
5,2020-05-23
5,2020-05-23
5,2020-05-23
4,2020-05-23
5,2020-05-23
5,2020-05-23
5,2020-05-23
5,2020-05-23
5,2020-05-23
5,2020-05-23
5,2020-05-23
5,2020-05-23
5,2020-05-23
5,2020-05-23
5,2020-05-23
5,2020-05-23
5,2020-05-22
5,2020-05-22
5,2020-05-22
5,2020-05-22
5,2020-05-21
5,2020-05-21
4,2020-05-21
5,2020-05-21
5,2020-05-21
5,2020-05-21
5,2020-05-21
5,2020-05-21
5,2020-05-21
4,2020-05-21
5,2020-05-21
5,2020-05-20
5,2020-05-20
5,2020-05-20
5,2020-05-20
5,2020-05-20
5,2020-05-20
5,2020-05-20
5,2020-05-19
5,2020-05-19
5,2020-05-19
5,2020-05-19
5,2020-05-19
5,2020-05-19
5,2020-05-19
5,2020-05-19
5,2020-05-19
5,2020-05-19
5,2020-05-19
5,2020-05-19
3,2020-05-18
4,2020-05-18
5,2020-05-18
5,2020-05-18
5,2020-05-18
5,2020-05-18
5,2020-05-18
5,2020-05-18
5,2020-05-17
5,2020-05-17
5,2020-05-31
5,2020-05-17
4,2020-05-17
5,2020-05-17
5,2020-05-17
5,2020-05-17
5,2020-05-17
5,2020-05-17
4,2020-05-17
5,2020-05-17
5,2020-05-17
5,2020-05-17
5,2020-05-17
5,2020-05-17
5,2020-05-17
4,2020-05-17
5,2020-05-16
5,2020-05-16
5,2020-05-16
5,2020-05-16
5,2020-05-16
5,2020-05-16
5,2020-05-16
5,2020-05-16
5,2020-05-16
5,2020-05-16
5,2020-05-16
5,2020-05-16
5,2020-05-16
5,2020-05-16
5,2020-05-16
5,2020-05-16
5,2020-05-16
5,2020-05-15
5,2020-05-15
5,2020-05-15
5,2020-05-15
5,2020-05-15
5,2020-05-15
5,2020-05-15
5,2020-05-15
5,2020-05-15
5,2020-05-15
5,2020-05-15
5,2020-05-15
5,2020-05-15
5,2020-05-15
5,2020-05-15
5,2020-05-15
5,2020-05-15
5,2020-05-14
5,2020-05-14
5,2020-05-14
5,2020-05-14
5,2020-05-14
5,2020-05-14
5,2020-05-14
5,2020-05-14
5,2020-05-14
5,2020-05-14
5,2020-05-14
5,2020-05-14
5,2020-05-14
5,2020-05-13
5,2020-05-13
5,2020-05-13
5,2020-05-13
5,2020-05-12
5,2020-05-12
5,2020-05-12
5,2020-05-12
5,2020-05-12
5,2020-05-12
5,2020-05-12
5,2020-05-12
5,2020-05-12
5,2020-05-12
5,2020-05-12
5,2020-05-12
5,2020-05-12
5,2020-05-12
5,2020-05-11
5,2020-05-11
5,2020-05-11
5,2020-05-11
5,2020-05-11
5,2020-05-11
5,2020-05-11
5,2020-05-11
4,2020-05-11
5,2020-05-11
5,2020-05-11
5,2020-05-11
5,2020-05-11
5,2020-05-11
5,2020-05-11
5,2020-05-11
5,2020-05-11
5,2020-05-11
5,2020-05-11
5,2020-05-11
5,2020-05-11
5,2020-05-10
5,2020-05-10
5,2020-05-10
5,2020-05-10
5,2020-05-10
5,2020-05-10
5,2020-05-10
5,2020-05-10
5,2020-05-10
5,2020-05-10
5,2020-05-10
5,2020-05-10
5,2020-05-10
4,2020-05-10
5,2020-05-10
5,2020-05-10
5,2020-05-10
5,2020-05-10
5,2020-05-10
4,2020-05-10
5,2020-05-10
5,2020-05-10
5,2020-05-10
5,2020-05-10
5,2020-05-09
5,2020-05-09
5,2020-05-09
5,2020-05-09
5,2020-05-09
5,2020-05-09
5,2020-05-09
5,2020-05-09
5,2020-05-08
5,2020-05-08
5,2020-05-08
5,2020-05-08
5,2020-05-08
5,2020-05-08
5,2020-05-08
5,2020-05-08
5,2020-05-08
5,2020-05-08
5,2020-05-08
5,2020-05-08
5,2020-05-08
4,2020-05-08
5,2020-05-07
5,2020-05-07
5,2020-05-07
5,2020-05-07
5,2020-05-07
5,2020-05-07
5,2020-05-07
5,2020-05-07
5,2020-05-07
5,2020-05-07
5,2020-05-07
5,2020-05-07
5,2020-05-07
5,2020-05-06
5,2020-05-06
5,2020-05-06
5,2020-05-06
5,2020-05-06
5,2020-05-06
5,2020-05-06
5,2020-05-06
5,2020-05-06
5,2020-05-06
5,2020-05-06
5,2020-05-06
5,2020-05-06
5,2020-05-06
5,2020-05-06
5,2020-05-05
5,2020-05-05
5,2020-05-05
5,2020-05-05
5,2020-05-05
5,2020-05-05
5,2020-05-05
5,2020-05-05
5,2020-05-05
5,2020-05-05
5,2020-05-05
5,2020-05-04
5,2020-05-04
5,2020-05-04
5,2020-05-04
5,2020-05-04
5,2020-05-04
5,2020-05-04
5,2020-05-04
5,2020-05-04
5,2020-05-04
5,2020-05-04
5,2020-05-04
5,2020-05-03
5,2020-05-03
5,2020-05-03
5,2020-05-03
5,2020-05-03
5,2020-05-03
5,2020-05-03
5,2020-05-03
5,2020-05-03
5,2020-05-03
5,2020-05-03
5,2020-05-03
5,2020-05-03
5,2020-05-03
5,2020-05-03
5,2020-05-03
5,2020-05-03
5,2020-05-02
5,2020-05-02
5,2020-05-02
5,2020-05-02
5,2020-05-02
5,2020-05-02
5,2020-05-02
5,2020-05-02
5,2020-05-02
5,2020-05-02
5,2020-05-02
5,2020-05-02
5,2020-05-02
5,2020-05-02
5,2020-05-02
4,2020-05-02
5,2020-05-01
5,2020-05-01
5,2020-05-01
5,2020-05-01
4,2020-05-01
5,2020-05-01
5,2020-05-01
5,2020-05-01
5,2020-05-01
5,2020-05-01
5,2020-05-01
5,2020-05-01
5,2020-05-01
5,2020-05-01
5,2020-05-01
5,2020-05-01
5,2020-05-01
4,2020-05-01
5,2020-05-01
5,2020-04-30
5,2020-04-30
5,2020-04-30
5,2020-04-30
5,2020-04-30
5,2020-04-30
5,2020-04-30
5,2020-04-30
1,2020-04-30
5,2020-04-30
5,2020-04-30
4,2020-04-29
5,2020-04-29
5,2020-04-29
5,2020-04-29
5,2020-04-29
5,2020-04-29
5,2020-04-29
5,2020-04-29
5,2020-04-29
5,2020-04-29
5,2020-04-29
5,2020-04-29
5,2020-04-29
5,2020-04-29
5,2020-04-29
5,2020-04-29
5,2020-04-29
5,2020-04-29
5,2020-04-29
5,2020-04-28
5,2020-04-28
5,2020-04-28
5,2020-04-28
5,2020-04-28
5,2020-04-28
5,2020-04-28
5,2020-04-28
5,2020-04-28
5,2020-04-28
5,2020-04-28
5,2020-04-28
5,2020-04-28
5,2020-04-27
5,2020-04-27
5,2020-04-27
5,2020-04-27
5,2020-04-27
5,2020-04-27
5,2020-04-27
5,2020-04-27
5,2020-04-27
5,2020-04-27
5,2020-04-27
5,2020-04-26
5,2020-04-26
5,2020-04-26
5,2020-04-26
5,2020-04-26
5,2020-04-26
1,2020-04-26
4,2020-04-26
5,2020-04-25
5,2020-04-25
5,2020-04-25
5,2020-04-25
5,2020-04-25
5,2020-04-25
5,2020-04-25
5,2020-04-25
5,2020-04-25
5,2020-04-25
5,2020-04-25
5,2020-04-24
5,2020-04-24
5,2020-04-24
5,2020-04-24
5,2020-04-23
5,2020-04-23
5,2020-04-23
5,2020-04-23
5,2020-04-23
5,2020-04-23
5,2020-04-23
5,2020-04-22
5,2020-04-22
5,2020-04-22
5,2020-04-22
5,2020-04-22
5,2020-04-22
5,2020-04-22
5,2020-04-22
5,2020-04-22
5,2020-04-22
5,2020-04-22
5,2020-04-21
5,2020-04-21
5,2020-04-21
5,2020-04-21
5,2020-04-21
5,2020-04-21
5,2020-04-21
5,2020-04-21
5,2020-04-21
5,2020-04-20
5,2020-04-20
5,2020-04-20
5,2020-04-20
5,2020-04-20
5,2020-04-20
5,2020-04-20
5,2020-04-19
5,2020-04-19
5,2020-04-19
5,2020-04-19
5,2020-04-19
5,2020-04-19
5,2020-04-19
5,2020-04-19
5,2020-04-19
5,2020-04-19
5,2020-04-19
5,2020-04-19
5,2020-04-19
5,2020-04-19
5,2020-04-19
5,2020-04-19
5,2020-04-19
5,2020-04-19
5,2020-04-19
5,2020-04-19
5,2020-04-19
5,2020-04-19
5,2020-04-19
5,2020-04-19
5,2020-04-19
5,2020-04-19
5,2020-04-19
5,2020-04-18
5,2020-04-18
5,2020-04-18
5,2020-04-18
5,2020-04-18
5,2020-04-18
5,2020-04-18
5,2020-04-18
5,2020-04-18
5,2020-04-18
5,2020-04-18
5,2020-04-18
5,2020-04-17
5,2020-04-17
5,2020-04-17
5,2020-04-17
5,2020-04-17
5,2020-04-17
5,2020-04-16
5,2020-04-16
5,2020-04-16
5,2020-04-16
5,2020-04-16
5,2020-04-16
5,2020-04-16
5,2020-04-16
5,2020-04-16
5,2020-04-16
5,2020-04-16
5,2020-04-16
5,2020-04-16
5,2020-04-16
5,2020-04-16
5,2020-04-16
5,2020-04-15
5,2020-04-15
5,2020-04-15
5,2020-04-15
5,2020-04-15
5,2020-04-15
5,2020-04-15
5,2020-04-15
5,2020-04-15
5,2020-04-15
5,2020-04-15
5,2020-04-15
5,2020-04-15
5,2020-04-15
5,2020-04-15
5,2020-04-15
5,2020-04-15
5,2020-04-15
5,2020-04-15
5,2020-04-15
5,2020-04-15
1,2020-04-14
5,2020-04-14
5,2020-04-14
5,2020-04-14
5,2020-04-14
5,2020-04-14
5,2020-04-14
5,2020-04-14
5,2020-04-14
5,2020-04-14
5,2020-04-14
5,2020-04-14
5,2020-04-14
5,2020-04-14
5,2020-04-14
5,2020-04-14
5,2020-04-14
5,2020-04-14
5,2020-04-14
5,2020-04-14
5,2020-04-14
5,2020-04-14
5,2020-04-13
5,2020-04-13
5,2020-04-13
5,2020-04-13
5,2020-04-13
5,2020-04-13
5,2020-04-13
5,2020-04-13
5,2020-04-12
5,2020-04-12
5,2020-04-12
5,2020-04-12
5,2020-04-12
5,2020-04-12
5,2020-04-12
5,2020-04-12
5,2020-04-12
5,2020-04-12
5,2020-04-12
5,2020-04-12
5,2020-04-12
4,2020-04-12
5,2020-04-12
5,2020-04-11
4,2020-04-11
5,2020-04-11
5,2020-04-11
5,2020-04-11
5,2020-04-11
5,2020-04-11
5,2020-04-11
5,2020-04-10
5,2020-04-10
5,2020-04-10
5,2020-04-10
5,2020-04-10
5,2020-04-10
5,2020-04-10
5,2020-04-10
5,2020-04-10
5,2020-04-10
5,2020-04-10
5,2020-04-10
5,2020-04-09
5,2020-04-09
5,2020-04-09
5,2020-04-09
5,2020-04-09
5,2020-04-09
5,2020-04-09
5,2020-04-09
5,2020-04-09
5,2020-04-09
5,2020-04-09
4,2020-04-08
5,2020-04-08
5,2020-04-08
5,2020-04-08
5,2020-04-08
5,2020-04-08
5,2020-04-08
5,2020-04-08
5,2020-04-08
5,2020-04-08
5,2020-04-08
5,2020-04-08
5,2020-04-08
5,2020-04-07
5,2020-04-07
5,2020-04-07
4,2020-04-07
5,2020-04-07
5,2020-04-07
5,2020-04-07
5,2020-04-07
5,2020-04-07
5,2020-04-07
5,2020-04-07
5,2020-04-07
5,2020-04-06
5,2020-04-06
5,2020-04-06
5,2020-04-06
5,2020-04-06
5,2020-04-06
5,2020-04-06
5,2020-04-06
5,2020-04-06
5,2020-04-06
5,2020-04-06
1,2020-04-06
5,2020-04-06
5,2020-04-06
5,2020-04-06
5,2020-04-05
5,2020-04-05
5,2020-04-05
5,2020-04-05
4,2020-04-05
5,2020-04-05
5,2020-04-05
5,2020-04-05
5,2020-04-05
5,2020-04-05
5,2020-04-05
5,2020-04-05
5,2020-04-05
5,2020-04-04
5,2020-04-04
5,2020-04-04
1,2020-04-04
5,2020-04-04
5,2020-04-04
5,2020-04-04
5,2020-04-04
5,2020-04-04
5,2020-04-04
5,2020-04-04
5,2020-04-04
5,2020-04-04
5,2020-04-04
5,2020-04-04
5,2020-04-04
4,2020-04-03
5,2020-04-03
5,2020-04-03
5,2020-04-03
5,2020-04-03
5,2020-04-03
5,2020-04-03
5,2020-04-03
5,2020-04-03
5,2020-04-03
5,2020-04-03
5,2020-04-03
5,2020-04-03
5,2020-04-03
4,2020-04-02
5,2020-04-02
5,2020-04-02
5,2020-04-02
5,2020-04-02
5,2020-04-02
5,2020-04-02
5,2020-04-02
5,2020-04-02
4,2020-04-02
4,2020-04-02
5,2020-04-01
5,2020-04-01
5,2020-04-01
5,2020-04-01
5,2020-04-01
5,2020-04-01
5,2020-04-01
5,2020-04-01
4,2020-04-01
5,2020-03-31
5,2020-03-31
5,2020-03-31
5,2020-03-31
5,2020-03-31
5,2020-03-30
5,2020-03-30
5,2020-03-30
5,2020-03-30
5,2020-03-30
5,2020-03-30
5,2020-03-30
5,2020-03-30
5,2020-03-30
5,2020-03-30
5,2020-03-29
5,2020-03-29
4,2020-03-29
5,2020-03-29
5,2020-03-29
5,2020-03-29
5,2020-03-29
5,2020-03-29
5,2020-03-29
5,2020-03-29
5,2020-03-29
5,2020-03-29
5,2020-03-29
5,2020-03-28
5,2020-03-28
5,2020-03-28
5,2020-03-28
5,2020-03-28
5,2020-03-28
5,2020-03-28
5,2020-03-28
5,2020-03-28
5,2020-03-28
5,2020-03-28
5,2020-03-28
5,2020-03-28
5,2020-03-28
5,2020-03-27
5,2020-03-27
5,2020-03-27
5,2020-03-27
5,2020-03-27
5,2020-03-27
5,2020-03-27
5,2020-03-27
5,2020-03-27
5,2020-03-27
5,2020-03-26
5,2020-03-26
5,2020-03-26
3,2020-03-26
4,2020-03-25
5,2020-03-25
5,2020-03-25
5,2020-03-24
5,2020-03-24
5,2020-03-24
5,2020-03-24
5,2020-03-24
4,2020-03-24
5,2020-03-24
5,2020-03-23
5,2020-03-23
5,2020-03-23
5,2020-03-23
5,2020-03-23
5,2020-03-23
5,2020-03-23
5,2020-03-23
5,2020-03-22
5,2020-03-22
5,2020-03-22
5,2020-03-22
5,2020-03-22
5,2020-03-22
5,2020-03-22
5,2020-03-22
5,2020-03-22
5,2020-03-22
5,2020-03-22
5,2020-03-22
5,2020-03-22
5,2020-03-22
5,2020-03-21
5,2020-03-21
5,2020-03-21
5,2020-03-21
5,2020-03-21
5,2020-03-21
5,2020-03-20
5,2020-03-20
5,2020-03-20
5,2020-03-20
5,2020-03-20
5,2020-03-20
5,2020-03-19
5,2020-03-19
5,2020-03-19
5,2020-03-19
5,2020-03-18
5,2020-03-18
4,2020-03-18
5,2020-03-18
5,2020-03-17
5,2020-03-17
5,2020-03-17
5,2020-03-17
5,2020-03-17
5,2020-03-17
5,2020-03-16
5,2020-03-16
5,2020-03-16
5,2020-03-16
5,2020-03-16
5,2020-03-16
5,2020-03-16
4,2020-03-16
5,2020-03-16
5,2020-03-16
5,2020-03-16
5,2020-03-16
5,2020-03-16
5,2020-03-16
5,2020-03-15
5,2020-03-15
5,2020-03-15
5,2020-03-15
5,2020-03-15
5,2020-03-15
5,2020-03-15
5,2020-03-15
5,2020-03-15
5,2020-03-15
5,2020-03-15
5,2020-03-15
5,2020-03-15
5,2020-03-15
5,2020-03-15
5,2020-03-14
4,2020-03-14
5,2020-03-14
5,2020-03-13
5,2020-03-13
5,2020-03-13
5,2020-03-13
5,2020-03-13
5,2020-03-12
5,2020-03-12
5,2020-03-12
5,2020-03-12
5,2020-03-11
5,2020-03-11
5,2020-03-11
5,2020-03-11
5,2020-03-11
5,2020-03-11
5,2020-03-10
5,2020-03-10
5,2020-03-10
4,2020-03-10
5,2020-03-10
5,2020-03-10
4,2020-03-10
3,2020-03-10
5,2020-03-10
5,2020-03-09
5,2020-03-09
5,2020-03-09
5,2020-03-09
5,2020-03-09
5,2020-03-09
5,2020-03-09
5,2020-03-09
5,2020-03-09
5,2020-03-09
4,2020-03-09
5,2020-03-09
4,2020-03-09
5,2020-03-09
5,2020-03-09
5,2020-03-09
5,2020-03-09
5,2020-03-08
5,2020-03-08
5,2020-03-08
5,2020-03-08
5,2020-03-08
5,2020-03-08
5,2020-03-08
5,2020-03-08
5,2020-03-08
5,2020-03-07
5,2020-03-07
5,2020-03-07
5,2020-03-06
5,2020-03-06
5,2020-03-06
5,2020-03-06
5,2020-03-06
5,2020-03-06
5,2020-03-05
5,2020-03-05
5,2020-03-05
5,2020-03-05
5,2020-03-05
5,2020-03-04
5,2020-03-04
5,2020-03-04
5,2020-03-03
5,2020-03-03
5,2020-03-03
5,2020-03-03
5,2020-03-03
5,2020-03-03
5,2020-03-03
5,2020-03-02
5,2020-03-02
5,2020-03-02
5,2020-03-02
5,2020-03-02
5,2020-03-02
5,2020-03-02
5,2020-03-02
5,2020-03-02
5,2020-03-02
5,2020-03-01
4,2020-03-01
4,2020-03-01
5,2020-03-01
5,2020-03-01
5,2020-03-01
5,2020-02-29
5,2020-02-29
5,2020-02-29
5,2020-02-29
5,2020-02-29
5,2020-02-28
5,2020-02-28
5,2020-02-28
5,2020-02-28
5,2020-02-28
5,2020-02-27
5,2020-02-27
5,2020-02-27
5,2020-02-27
5,2020-02-27
5,2020-02-27
5,2020-02-27
4,2020-02-27
5,2020-02-27
5,2020-02-26
5,2020-02-26
5,2020-02-26
5,2020-02-25
5,2020-02-25
5,2020-02-25
5,2020-02-25
5,2020-02-25
5,2020-02-25
5,2020-02-25
5,2020-02-25
5,2020-02-24
5,2020-02-24
5,2020-02-24
5,2020-02-24
5,2020-02-24
5,2020-02-24
5,2020-02-24
5,2020-02-24
5,2020-02-24
5,2020-02-23
5,2020-02-23
5,2020-02-23
5,2020-02-23
5,2020-02-23
5,2020-02-23
5,2020-02-22
5,2020-02-22
5,2020-02-22
5,2020-02-22
5,2020-02-22
5,2020-02-21
5,2020-02-21
5,2020-02-21
5,2020-02-20
5,2020-02-20
5,2020-02-20
5,2020-02-20
5,2020-02-19
5,2020-02-19
5,2020-02-19
5,2020-02-19
5,2020-02-18
5,2020-02-18
5,2020-02-17
5,2020-02-17
1,2020-02-17
4,2020-02-16
5,2020-02-16
5,2020-02-15
5,2020-02-15
5,2020-02-14
5,2020-02-14
5,2020-02-14
5,2020-02-14
5,2020-02-14
5,2020-02-14
5,2020-02-14
5,2020-02-14
5,2020-02-14
5,2020-02-14
5,2020-02-14
5,2020-02-13
5,2020-02-13
5,2020-02-13
5,2020-02-13
5,2020-02-13
5,2020-02-13
5,2020-02-13
5,2020-02-13
5,2020-02-13
5,2020-02-12
5,2020-02-12
2,2020-02-12
5,2020-02-12
5,2020-02-12
5,2020-02-12
4,2020-02-11
5,2020-02-11
5,2020-02-11
5,2020-02-11
5,2020-02-11
5,2020-02-11
5,2020-02-10
5,2020-02-10
5,2020-02-09
5,2020-02-09
5,2020-02-09
5,2020-02-09
5,2020-02-09
5,2020-02-09
5,2020-02-09
5,2020-02-09
5,2020-02-09
5,2020-02-09
5,2020-02-08
5,2020-02-08
5,2020-02-08
5,2020-02-07
5,2020-02-07
5,2020-02-07
5,2020-02-07
5,2020-02-07
5,2020-02-07
5,2020-02-07
5,2020-02-07
5,2020-02-07
5,2020-02-06
5,2020-02-06
5,2020-02-06
5,2020-02-06
5,2020-02-06
5,2020-02-06
5,2020-02-06
5,2020-02-06
5,2020-02-06
5,2020-02-06
5,2020-02-06
5,2020-02-05
5,2020-02-05
5,2020-02-05
5,2020-02-05
5,2020-02-05
5,2020-02-05
5,2020-02-04
5,2020-02-04
5,2020-02-04
5,2020-02-04
5,2020-02-04
5,2020-02-04
5,2020-02-04
5,2020-02-03
5,2020-02-03
5,2020-02-03
5,2020-02-03
5,2020-02-03
5,2020-02-03
5,2020-02-03
5,2020-02-03
5,2020-02-03
4,2020-02-02
5,2020-02-02
5,2020-02-02
5,2020-02-02
5,2020-02-02
5,2020-02-02
5,2020-02-02
5,2020-02-01
5,2020-02-01
5,2020-02-01
3,2020-01-31
5,2020-01-31
5,2020-01-31
5,2020-01-31
5,2020-01-31
5,2020-02-13
5,2020-01-30
5,2020-01-30
5,2020-01-30
5,2020-01-30
5,2020-01-30
5,2020-01-30
5,2020-01-30
5,2020-01-30
5,2020-01-29
5,2020-01-29
4,2020-01-29
5,2020-01-29
5,2020-01-29
5,2020-01-28
5,2020-01-28
5,2020-01-28
5,2020-01-28
5,2020-01-28
5,2020-01-28
5,2020-01-28
5,2020-01-28
5,2020-01-28
5,2020-01-28
5,2020-01-28
5,2020-01-27
5,2020-01-27
5,2020-01-27
5,2020-01-26
5,2020-01-26
5,2020-01-26
5,2020-01-26
5,2020-01-26
5,2020-01-26
5,2020-01-26
5,2020-01-26
5,2020-01-26
5,2020-01-26
5,2020-01-26
5,2020-01-26
5,2020-01-25
5,2020-01-25
5,2020-01-25
5,2020-01-25
5,2020-01-25
5,2020-01-24
5,2020-01-24
4,2020-01-24
5,2020-01-23
5,2020-01-23
5,2020-01-23
5,2020-01-23
5,2020-01-23
1,2020-01-23
5,2020-01-23
5,2020-01-22
5,2020-01-21
5,2020-01-21
5,2020-01-21
5,2020-01-21
5,2020-01-20
5,2020-01-20
5,2020-01-19
5,2020-01-19
5,2020-01-19
5,2020-01-18
5,2020-01-18
5,2020-01-18
4,2020-01-18
5,2020-01-17
5,2020-01-17
5,2020-01-17
5,2020-01-16
5,2020-01-16
5,2020-01-16
5,2020-01-16
5,2020-01-16
5,2020-01-15
5,2020-01-15
5,2020-01-15
5,2020-01-15
5,2020-01-15
5,2020-01-15
5,2020-01-14
5,2020-01-14
5,2020-01-14
5,2020-01-13
5,2020-01-13
5,2020-01-13
5,2020-01-13
5,2020-01-13
5,2020-01-13
5,2020-01-13
5,2020-01-13
5,2020-01-13
5,2020-01-13
5,2020-01-13
5,2020-01-13
5,2020-01-13
5,2020-01-13
5,2020-01-12
5,2020-01-12
5,2020-01-12
5,2020-01-11
5,2020-01-11
5,2020-01-11
5,2020-01-11
5,2020-01-11
5,2020-01-11
5,2020-01-11
5,2020-01-11
5,2020-01-11
5,2020-01-11
5,2020-01-11
5,2020-01-10
5,2020-01-10
4,2020-01-10
5,2020-01-10
5,2020-01-10
5,2020-01-10
5,2020-01-10
5,2020-01-10
5,2020-01-09
5,2020-01-09
5,2020-01-09
5,2020-01-09
5,2020-01-09
4,2020-01-08
5,2020-01-08
5,2020-01-08
5,2020-01-08
5,2020-01-08
5,2020-01-08
5,2020-01-08
5,2020-01-07
5,2020-01-07
5,2020-01-07
4,2020-01-07
5,2020-01-07
5,2020-01-07
5,2020-01-07
5,2020-01-07
5,2020-01-07
5,2020-01-07
5,2020-01-06
5,2020-01-06
5,2020-01-06
5,2020-01-06
5,2020-01-06
5,2020-01-06
5,2020-01-06
5,2020-01-06
5,2020-01-06
5,2020-01-05
5,2020-01-05
5,2020-01-05
5,2020-01-05
5,2020-01-05
5,2020-01-05
5,2020-01-05
5,2020-01-05
5,2020-01-05
5,2020-01-05
5,2020-01-05
5,2020-01-04
5,2020-01-04
5,2020-01-04
5,2020-01-04
5,2020-01-04
5,2020-01-04
5,2020-01-04
5,2020-01-04
5,2020-01-04
5,2020-01-03
5,2020-01-03
5,2020-01-03
5,2020-01-03
5,2020-01-03
5,2020-01-03
5,2020-01-03
5,2020-01-03
5,2020-01-02
5,2020-01-02
5,2020-01-02
5,2020-01-02
5,2020-01-02
5,2020-01-02
5,2020-01-02
5,2020-01-02
5,2020-01-02
5,2020-01-02
5,2020-01-02
5,2020-01-02
5,2020-01-02
5,2020-01-01
5,2020-01-01
5,2020-01-01
5,2020-01-01
5,2020-01-01
5,2019-12-31
4,2019-12-31
5,2019-12-31
5,2019-12-31
5,2019-12-31
5,2019-12-31
5,2019-12-31
5,2019-12-31
5,2019-12-31
5,2019-12-31
5,2019-12-31
4,2019-12-31
5,2019-12-30
5,2019-12-30
5,2019-12-30
5,2019-12-30
5,2019-12-30
5,2019-12-30
5,2019-12-30
5,2019-12-30
5,2019-12-30
5,2019-12-30
5,2019-12-29
5,2019-12-29
4,2019-12-29
5,2019-12-29
5,2019-12-28
5,2019-12-28
5,2019-12-28
5,2019-12-28
5,2019-12-27
5,2019-12-27
5,2019-12-26
5,2019-12-26
5,2019-12-26
5,2019-12-26
5,2019-12-26
5,2019-12-25
5,2019-12-25
5,2019-12-24
5,2019-12-24
5,2019-12-24
5,2019-12-24
5,2019-12-24
5,2019-12-23
5,2019-12-23
5,2019-12-23
5,2019-12-23
5,2019-12-22
5,2019-12-22
5,2019-12-22
5,2019-12-22
5,2019-12-22
5,2019-12-22
5,2019-12-21
5,2019-12-21
5,2019-12-21
5,2019-12-21
5,2019-12-21
5,2019-12-20
5,2019-12-20
5,2019-12-20
5,2019-12-20
5,2019-12-19
5,2019-12-19
5,2019-12-19
5,2019-12-19
5,2019-12-18
5,2019-12-18
5,2019-12-18
3,2019-12-18
5,2019-12-18
5,2019-12-18
5,2019-12-18
5,2019-12-17
5,2019-12-17
5,2019-12-16
5,2019-12-16
5,2019-12-16
5,2019-12-16
5,2019-12-16
5,2019-12-16
4,2019-12-16
5,2019-12-15
5,2019-12-15
5,2019-12-15
5,2019-12-15
5,2019-12-15
5,2019-12-15
5,2019-12-15
4,2019-12-15
5,2019-12-15
5,2019-12-14
5,2019-12-14
5,2019-12-14
4,2019-12-14
5,2019-12-14
5,2019-12-14
5,2019-12-13
5,2019-12-13
5,2019-12-13
5,2019-12-13
5,2019-12-13
5,2019-12-13
5,2019-12-13
5,2019-12-13
5,2019-12-13
5,2019-12-12
4,2019-12-12
5,2019-12-12
5,2019-12-12
5,2019-12-11
5,2019-12-11
5,2019-12-11
5,2019-12-11
5,2019-12-11
5,2019-12-10
5,2019-12-10
5,2019-12-10
5,2019-12-10
5,2019-12-10
5,2019-12-09
5,2019-12-09
5,2019-12-09
5,2019-12-09
5,2019-12-08
4,2019-12-08
1,2019-12-07
5,2019-12-07
5,2019-12-07
5,2019-12-07
5,2019-12-07
5,2019-12-06
5,2019-12-06
5,2019-12-06
5,2019-12-06
5,2019-12-06
5,2019-12-06
5,2019-12-05
5,2019-12-05
5,2019-12-05
5,2019-12-05
5,2019-12-05
5,2019-12-05
5,2019-12-04
5,2019-12-04
4,2019-12-04
5,2019-12-04
5,2019-12-04
5,2019-12-03
5,2019-12-03
5,2019-12-03
5,2019-12-02
5,2019-12-02
5,2019-12-02
5,2019-12-02
5,2019-12-01
5,2019-12-01
5,2019-12-01
5,2019-12-01
5,2019-12-01
5,2019-12-01
5,2019-12-01
4,2019-12-01
5,2019-11-30
5,2019-11-30
5,2019-11-30
5,2019-11-30
5,2019-11-30
5,2019-11-30
5,2019-11-30
5,2019-11-30
5,2019-11-30
5,2019-11-30
5,2019-11-29
5,2019-11-29
5,2019-11-29
5,2019-11-29
5,2019-11-29
5,2019-11-29
5,2019-11-29
5,2019-11-29
1,2019-11-29
5,2019-11-28
5,2019-11-28
5,2019-11-28
5,2019-11-28
5,2019-11-28
5,2019-11-28
5,2019-11-28
5,2019-11-27
5,2019-11-27
5,2019-11-27
5,2019-11-27
5,2019-11-27
5,2019-11-27
5,2019-11-27
5,2019-11-27
5,2019-11-27
5,2019-11-26
5,2019-11-26
5,2019-11-26
5,2019-11-26
5,2019-11-26
5,2019-11-26
5,2019-11-25
5,2019-11-25
5,2019-11-25
5,2019-11-25
5,2019-11-25
5,2019-11-25
5,2019-11-25
5,2019-11-25
4,2019-11-24
5,2019-11-24
4,2019-11-24
3,2019-11-23
5,2019-11-22
5,2019-11-22
5,2019-11-22
5,2019-11-22
5,2019-11-22
5,2019-11-22
5,2019-11-22
4,2019-11-21
5,2019-11-21
5,2019-11-21
5,2019-11-21
5,2019-11-21
5,2019-11-21
5,2019-11-20
5,2019-11-20
5,2019-11-20
5,2019-11-20
5,2019-11-20
5,2019-11-20
5,2019-11-20
5,2019-11-20
5,2019-11-19
5,2019-11-19
5,2019-11-19
5,2019-11-19
5,2019-12-03
5,2019-11-18
5,2019-11-18
5,2019-11-18
5,2019-11-18
5,2019-11-17
5,2019-11-16
5,2019-11-16
4,2019-11-16
5,2019-11-16
5,2019-11-16
5,2019-11-16
5,2019-11-15
5,2019-11-15
5,2019-11-15
5,2019-11-15
5,2019-11-15
5,2019-11-14
5,2019-11-14
5,2019-11-14
5,2019-11-14
5,2019-11-14
5,2019-11-14
5,2019-11-13
5,2019-11-13
5,2019-11-13
5,2019-11-12
5,2019-11-12
5,2019-11-12
5,2019-11-11
4,2019-11-11
5,2019-11-11
5,2019-11-11
5,2019-11-10
5,2019-11-09
5,2019-11-09
5,2019-11-08
5,2019-11-08
5,2019-11-08
5,2019-11-08
5,2019-11-08
5,2019-11-08
5,2019-11-08
5,2019-11-08
5,2019-11-07
5,2019-11-07
5,2019-11-07
5,2019-11-07
5,2019-11-07
5,2019-11-07
5,2019-11-07
5,2019-11-07
4,2019-11-07
5,2019-11-07
5,2019-11-07
5,2019-11-06
5,2019-11-06
5,2019-11-06
5,2019-11-06
5,2019-11-05
5,2019-11-05
5,2019-11-05
5,2019-11-05
5,2019-11-05
5,2019-11-05
5,2019-11-04
5,2019-11-04
5,2019-11-04
5,2019-11-04
5,2019-11-04
5,2019-11-03
5,2019-11-03
5,2019-11-03
5,2019-11-03
5,2019-11-03
5,2019-11-02
5,2019-11-02
5,2019-11-01
5,2019-11-01
5,2019-11-01
5,2019-11-01
5,2019-11-01
5,2019-11-01
5,2019-10-31
5,2019-10-31
5,2019-10-31
5,2019-10-31
5,2019-10-30
5,2019-10-29
5,2019-10-29
5,2019-10-28
5,2019-10-28
5,2019-10-28
5,2019-10-28
5,2019-10-28
5,2019-10-26
4,2019-10-26
5,2019-10-25
5,2019-10-25
5,2019-10-25
5,2019-10-25
5,2019-10-24
5,2019-10-24
5,2019-10-24
5,2019-10-24
5,2019-10-24
5,2019-10-24
5,2019-10-24
5,2019-10-24
5,2019-10-23
5,2019-10-23
5,2019-10-23
5,2019-10-23
5,2019-10-23
5,2019-10-23
5,2019-10-22
5,2019-10-21
5,2019-10-21
5,2019-10-21
5,2019-10-21
5,2019-11-04
5,2019-10-21
5,2019-10-20
5,2019-10-20
5,2019-10-20
5,2019-10-20
5,2019-10-20
5,2019-10-20
5,2019-10-20
5,2019-10-20
5,2019-10-20
5,2019-10-20
5,2019-10-19
4,2019-10-19
5,2019-10-19
5,2019-10-19
5,2019-10-18
1,2019-10-18
5,2019-10-18
5,2019-10-17
5,2019-10-17
5,2019-10-17
5,2019-10-17
5,2019-10-17
5,2019-10-17
5,2019-10-17
5,2019-10-17
5,2019-10-16
5,2019-10-16
5,2019-10-16
5,2019-10-16
5,2019-10-16
5,2019-10-16
5,2019-10-16
5,2019-10-16
5,2019-10-16
5,2019-10-15
5,2019-10-15
5,2019-10-15
5,2019-10-15
5,2019-10-15
5,2019-10-15
5,2019-10-14
4,2019-10-14
5,2019-10-14
5,2019-10-14
5,2019-10-14
5,2019-10-14
5,2019-10-14
5,2019-10-14
5,2019-10-14
5,2019-10-14
5,2019-10-14
5,2019-10-14
4,2019-10-14
5,2019-10-14
5,2019-10-13
5,2019-10-13
5,2019-10-13
5,2019-10-13
5,2019-10-13
5,2019-10-12
5,2019-10-12
5,2019-10-12
5,2019-10-11
5,2019-10-11
5,2019-10-10
5,2019-10-10
5,2019-10-10
5,2019-10-10
5,2019-10-10
5,2019-10-09
5,2019-10-09
5,2019-10-09
5,2019-10-09
5,2019-10-08
5,2019-10-07
5,2019-10-06
5,2019-10-06
5,2019-10-06
5,2019-10-05
5,2019-10-04
5,2019-10-04
5,2019-10-03
5,2019-10-02
5,2019-10-02
5,2019-10-02
5,2019-10-01
5,2019-10-01
5,2019-10-01
5,2019-09-29
5,2019-09-29
5,2019-09-29
5,2019-09-29
5,2019-09-29
5,2019-09-28
5,2019-09-25
5,2019-09-25
5,2019-09-25
5,2019-09-25
5,2019-09-25
5,2019-09-25
5,2019-09-24
5,2019-09-24
5,2019-09-24
5,2019-09-24
5,2019-09-24
5,2019-09-23
5,2019-09-22
5,2019-09-22
5,2019-09-22
5,2019-09-22
5,2019-09-22
5,2019-09-21
5,2019-09-21
4,2019-09-19
5,2019-09-19
5,2019-09-19
5,2019-09-19
5,2019-09-19
5,2019-09-19
5,2019-09-18
5,2019-09-18
5,2019-09-18
5,2019-09-18
5,2019-09-18
5,2019-09-18
5,2019-09-18
5,2019-09-18
5,2019-09-17
5,2019-09-17
5,2019-09-17
5,2019-09-17
5,2019-09-16
5,2019-09-16
5,2019-09-16
5,2019-09-16
5,2019-09-15
5,2019-09-15
5,2019-09-14
5,2019-09-14
4,2019-09-13
5,2019-09-13
5,2019-09-12
5,2019-09-10
5,2019-09-10
5,2019-09-10
5,2019-09-09
5,2019-09-09
5,2019-09-09
5,2019-09-08
5,2019-09-08
5,2019-09-08
5,2019-09-08
5,2019-09-08
5,2019-09-08
5,2019-09-08
5,2019-09-06
4,2019-09-06
5,2019-09-06
5,2019-09-06
5,2019-09-06
5,2019-09-06
5,2019-09-05
5,2019-09-05
5,2019-09-05
5,2019-09-04
5,2019-09-04
5,2019-09-04
5,2019-09-04
5,2019-09-04
5,2019-09-04
5,2019-09-03
5,2019-09-03
5,2019-09-02
5,2019-09-02
5,2019-09-02
5,2019-09-02
5,2019-09-01
5,2019-09-01
5,2019-09-01
5,2019-09-01
5,2019-09-01
5,2019-09-01
4,2019-09-01
5,2019-09-01
5,2019-09-01
5,2019-09-01
5,2019-09-01
5,2019-09-01
5,2019-09-01
5,2019-08-31
5,2019-08-31
5,2019-08-31
5,2019-08-31
5,2019-08-31
5,2019-08-31
5,2019-08-31
5,2019-08-31
5,2019-08-31
5,2019-08-30
5,2019-08-30
5,2019-08-30
